query	shows_per_month_all_regions_2026-08-20_2026-09-18
евангелие	1099260
библия	1039921
стих дня	583879
стихи дне	583191
евангелие дня	481412
стих с днем рождения	303240
псалмы читать	301267
перевод с английского на русский язык	236793
перевод с английского языка на русский	236793
евангелие слушать	207887
евангелие дня слушать	130980
книги на английском	124348
стихи поздравления с днем	107561
евангелие на сегодня слушать	106031
евангелие дня слушать на сегодня	97834
переводчик с английского на русский бесплатно	92356
с днем рождения стихает	89614
день женщины стих	86330
псалом 26 читать	86321
ветхий завет	84931
библия читать	69708
читать библию	69708
переводчик с английского языка на русский	68114
переводчик с русского на английский язык	68114
псалтырь читать	64009
евангелие с толкованием слушать	63269
евангелие от иоанна	62509
псалом 50 читать	61792
псалтирь читать	58530
слушать евангелие дня с толкованием	56363
псалтирь слушать	56284
толкование евангелия на сегодня слушать	52013
транскрипция с английского на русский	51534
библия это	49507
правила чтения	48744
евангелие дня с толкованием слушать на сегодня	48126
библия слушать	46597
слушать библию	46262
библия онлайн	46033
псалтырь слушать	44740
евангелие от марка	44499
книги библии	43590
евангелие и апостол	35983
евангелие дня читать	35256
евангелие слушать бесплатно	33753
чтение евангелия	33001
bible	32463
христианские песни слушать	30063
библия бесплатно	28031
книги на английском языке	27901
аудиокнига целитель	27549
молитва на ночь	26638
евангелие слушать коротко	26413
послания апостолов	25301
план победы	25042
молитва перед сном	24984
переводы библии	24803
слушать евангелие дня короткое	23791
короткое евангелие на сегодня слушать	22114
слушать бесплатно евангелие дня	21797
слушать евангелие сегодня бесплатно	21764
слушать евангелие без рекламы	21345
евангелие дня на сегодня слушать короткое	20423
толкование евангелие слушать бесплатно	20106
евангелие дня на сегодня слушать бесплатно	19999
стихи из библии	19124
евангелие слушать главу	19119
date перевод	18457
святое евангелие	18451
слушать евангелие на сегодня с толкованием бесплатно	18151
слушать евангелие бесплатно без рекламы	17977
евангелие дня с толкованием слушать бесплатно	17645
слушать евангелие дня сегодня с толкованием бесплатно	16909
синодальный перевод	16489
чтение библии	16245
библия онлайн слушать	16131
icsee приложение	16016
библия на русском бесплатно	15946
книгоблуд аудиокнига	15660
евангелие на сегодня слушать без рекламы	15485
слушать евангелие дня без реклам	15137
евангелие слушать онлайн	15118
евангелие дня на сегодня слушать без рекламы	14482
литнет читать книги онлайн бесплатно	13987
евангелие слушать на русском	13929
евангелие от матфея слушать	13838
новеллы на андроид	13732
приложение наблюдатель	13686
аудио библия	12890
евангелие на сегодня слушать без рекламы бесплатно	12820
библия онлайн бесплатно	12323
толкование библии	12262
ветхий завет книга	12097
книги ветхого завета	12095
евангелие от иоанна слушать	11795
библия слушать бесплатно	11724
библия читать онлайн	11658
читаем библию онлайн	11658
христианские книги	11605
слушать евангелие дня сентября	11444
чтение псалтири	11345
перед чтением евангелия	11261
толкование евангелия дня слушать без рекламы	11221
библия ветхий завет	11098
молитва перед чтением евангелия	10867
евангелие слушать на русском бесплатно	10728
евангелие от матфея читать	10582
евангелие слушать онлайн бесплатно	10292
псалтирь богородице	10233
псалтирь богородицы	10233
лука евангелие слушать	10136
евангелие от луки лука слушать	10082
евангелие от луки слушать	10082
библия читать бесплатно	9840
читаем библию бесплатно	9840
детская библия	9614
глава на английском	9525
псалтырь слушать валаамский	9516
слушать библию на русском	9028
библия текст	9012
книга перевод на английский	8962
библия синодальный перевод	8811
псалтырь слушать бесплатно	8809
голосом аудиокниги	8571
несвятые святые слушать аудиокнигу	8571
слушать псалтырь монастырь	8481
евангелие слушать на русском без рекламы	8467
слушать евангелие с толкованием короткое	8430
псалтырь слушать валаамский монастырь слушать	8390
евангелие от иоанна читать	8304
читать книги на литнет	8301
библия онлайн на русском	8256
чтение апостола	7981
бог на английском	7959
канон покаянный ко господу читать	7924
переводчик с английского на русский текст	7836
библия онлайн слушать бесплатно	7823
телефонная книжка	7796
слушать библию онлайн бесплатно	7661
библия читать на русском бесплатно	7508
sin перевод	7414
библейский сюжет	7362
слова из библии	7214
молитва на ночь на сон	7198
читать книги на литнет бесплатно	7178
библейские фильмы	7143
ветхий и новый завет	7105
литбум читать книги	6850
библия на русском языке бесплатно	6807
библейский пророк	6805
идиот аудиокнига	6797
евангелие слушать на русском языке	6622
молитва на ночь перед	6549
новый завет слушать	6493
апостольские чтения	6467
библия слушать на русском бесплатно	6449
библия онлайн на русском бесплатно	6334
молитва на ночь перед сном	6314
ветхий завет читать	6310
ветхий завет слушать	6299
мир православия евангелие	6120
толкование евангелия на русском слушать	6117
псалтырь слушать онлайн	5953
чтение псалтыри	5829
православные аудиокниги	5786
библус аудиокниги	5734
слушать евангелие на сегодня на русском	5683
библия аудиокнига	5648
библия за год	5623
приложение для скачивания приложений на айфон	5510
библибоба читать	5464
библейские имена	5336
библия русский перевод	5168
псалтырь слушать на русском	5151
псалом 5	5066
библия скачать бесплатно	4953
библия слушать онлайн на русском	4835
кто написал библию	4733
псалом 33 читать	4733
библейские сказания	4649
чтение евангелия на каждый	4623
план победы цхм	4618
псалом 103	4556
книги на английском с переводом	4538
библия притчи	4524
чтение библии на каждый день	4515
молитвы перед чтением псалтири	4506
бытие библия	4473
днепр украина	4328
псалтирь пресвятой богородице	4304
библия современный перевод	4280
библус аудиокниги слушать	4245
一 перевод	4165
псалтирь слушать на русском	4108
автор библии	4099
аудио библия слушать	4089
приложение для установки приложений на айфон	3985
слушать аудио библию	3951
winlator на андроид	3917
библия слушать онлайн на русском бесплатно	3906
псалом 77	3806
изучение библии	3731
план победы библия	3722
псалтырь слушать без рекламы	3631
библия онлайн читать бесплатно	3572
читаем библию онлайн бесплатно	3572
план чтения библии	3563
псалтырь слушать онлайн бесплатно	3536
псалом 19	3524
евангелие перевод	3510
послание иакова	3495
слушать псалтырь бесплатно без рекламы	3340
псалом 85	3329
виды молитв	3321
слушать библию на русском языке	3294
молитва перед сном православная	3290
библия читать онлайн на русском	3284
литнет приложение	3263
план победы 2	3161
библия читать переводы	3144
авторы книг библии	3087
библия слушать аудиокнигу	3084
план победы на сегодня	3077
симфония библии	3076
книга библия читать	3075
читаем библию книга	3075
псалтырь слушать бесплатно валаамского	3074
библия на языках онлайн	3072
правила обращения с книгой	3051
псалтырь слушать валаамский монастырь слушать бесплатно	3023
пение псалмов слушать	3011
библия какая книга	2956
шекспир на английском	2950
план победы 3	2949
слушать библию на русском языке бесплатно	2899
библия онлайн на русском языке	2894
разговор с богом книга	2892
евангелие от фомы	2891
молитва читаемая перед сном	2891
молитвы перед сном читать	2891
синодальный перевод читать	2877
евангелие аудио	2853
молитва перед и после чтения евангелия	2841
молитва перед чтением евангелия и после	2841
молитва перед чтением евангелия и после чтения	2841
библия различные авторы книга	2771
псалом 99	2769
пророки ветхого завета	2742
читаем библию на русском языке бесплатно	2700
читать библию на русском языке бесплатно	2700
лучшая библия онлайн	2699
трудно быть богом книга читать	2643
библейский ангел	2640
псалом 91	2596
notion приложение	2587
переводчик файлов с английского на русский	2547
псалтырь слушать лучшее	2538
библия онлайн бесплатно на русском языке	2526
молитвы на ночь читать	2496
молитвы читаемые на ночь	2496
библия козлов	2475
псалтырь богородице слушать	2471
перемога перевод	2460
слушаем библию в хорошем	2442
библия читать слушать	2420
словарь перевода с английского на русский язык	2408
псалтырь богородицы слушать	2398
слушать библию бесплатно в хорошем	2347
псалтырь богородице читать	2345
как читать библию	2337
библия слушать новый	2333
библия читать онлайн на русском бесплатно	2302
акафист пантелеймону целителю читать	2298
день за год библия	2296
библия бондаренко	2290
слушать псалтырь на русском бесплатно	2243
книги на английском а2	2232
библия онлайн бесплатно в хорошем качестве	2231
русский синодальный перевод	2230
библейские сказания фильмы	2224
псалтырь слушать без рекламы в хорошем	2224
библия новый завет слушать	2204
приложение бип	2197
библия новый перевод	2180
слушать библию в хорошем качестве	2170
псалтырь слушать в хорошем качестве	2135
слушать бесплатно в хорошем качестве псалтырь	2125
слушать псалтырь на русском языке	2110
слушать бесплатно библию в хорошем качестве	2083
короткая молитва перед сном	2074
новый завет слушать онлайн	2069
паисий святогорец слушать аудиокнигу	2068
псалтырь слушать валаамский без рекламы	2064
псалтырь слушать валаамский монастырь без рекламы	2057
литмир читать книги онлайн бесплатно	2048
псалтырь по усопшим до 40 дней	2033
слушать псалтырь валаамский бесплатно без рекламы	2005
книги на английском b1	2002
слушать псалтырь валаамский монастырь бесплатно без рекламы	1999
слушать библию ветхий	1994
владимир зеленский президент украины	1993
моисей в библии	1980
necessary перевод	1978
какую библию читать	1974
книга библии слушать	1970
переводы библии бесплатно	1963
как правильно читать псалтырь	1945
новый завет слушать на русском	1940
приложение allall	1906
азбука библия	1901
христианские аудиокниги	1900
библия для детей слушать	1897
аудио библия бесплатно	1889
слушать псалтирь на русском бесплатно	1885
библия ветхий завет слушать	1876
12 псалмов читать	1875
библия читать полностью бесплатно	1865
библейский пророк 4 буквы	1860
бог по английски	1860
вк видео слушать аудиокниги	1845
navy перевод	1843
скачать библию бесплатно на русском	1830
псалтирь с переводом	1825
библейский пророк 5	1822
библия смотреть онлайн	1805
переводы библии онлайн	1805
слушать библию онлайн в хорошем	1788
слушать псалтирь на русском языке	1771
библия читать на русском бесплатно полностью	1767
слушать бесплатно новый завет	1752
псалом 109	1750
библус аудиокниги слушать онлайн бесплатно	1743
слушать библию на каждый	1729
библия слушать бесплатно в хорошем онлайн	1716
псалом 87	1697
библия на каждый день слушать	1688
аудио библия онлайн	1672
скачать переводам библию	1667
библия синодальный перевод читать	1662
читаем библию синодальный перевод	1662
хмара украина	1651
слушать библию онлайн в хорошем качестве	1639
слушать библию онлайн на русском языке	1632
перевод с английского н русский	1597
слушать псалтырь без перерыва	1589
псалом 51	1584
слушать бесплатно без перерыва псалтырь	1580
слушать библию онлайн бесплатно в хорошем качестве	1569
псалтырь с переводом	1566
ebook reader	1565
esl english	1554
библия слушать на русском в хорошем	1554
как понимать библию	1540
bible by	1532
библия онлайн слушать бесплатно на русском языке	1527
заупокойная псалтирь	1502
молитва вид порчи	1487
синодальный перевод слушать	1487
глава по английски	1484
библия за год с митрополитом	1463
переводчик украина	1455
синодальный перевод онлайн	1455
сколько книг в библии	1442
стеняев толкование библии	1440
православные книги читать	1439
библия читает козлов	1432
ветхий завет бытие	1424
иисус на английском	1412
аудиокниги бесплатно библия	1410
иаков в библии	1410
аудио библия слушать бесплатно	1406
псалтырь валаамского монастыря слушать бесплатно в хорошем	1405
атб украина	1393
аудио библия слушать онлайн	1392
близнецы по английски	1386
псалтырь слушать онлайн кафизмы	1385
русский синодальный перевод библии	1384
читаем псалтырь слушать	1373
молитва перед чтением евангелия дома	1368
скачать аудио библию	1364
читалка пдф	1363
перевод библии на русский язык	1360
символ украины	1356
библия онлайн синодальный	1355
слушать библию козлов	1353
библия современный русский перевод	1349
проповеди ткачева слушать последние 2026	1327
библия на английском	1313
псалтирь аудио	1311
стих дня из библии	1308
библию бесплатно синодальный перевод	1303
автопереводчик с английского на русский	1302
детская библия читать	1302
читаем детскую библию	1302
библия слушать бондаренко	1294
псалтирь слушать на русском без реклам	1287
псалтирь слушать на русском бесплатно без рекламы	1285
библия русские переводы читать	1277
игорь козлов библия	1277
слушать чтение библии	1276
аи переводчик	1275
во свете библии	1260
греческий перевод библии	1256
план чтения библии на каждый	1246
новый завет слушать на русском бесплатно	1244
имя бога в библии	1240
новый завет слушать онлайн на русском	1233
библия аудиокнига онлайн	1229
какие псалмы читать в каких случаях	1226
библия онлайн новый	1224
упа украина	1223
бог украины	1219
книги на английском b2	1219
библия онлайн синодальный перевод	1215
библия аудиокнига слушать онлайн	1207
фильм по библии	1207
псалтырь слушать онлайн валаамские	1204
скачать синодальный перевод	1198
имена из библии	1196
библия айзек	1192
бай по английски	1184
слушать бесплатно аудиокнигу библию	1178
библия смотреть бесплатно	1167
блуди аудиокниги	1162
читать библию онлайн на русском языке	1161
библия приложение	1150
библия новый русский перевод	1149
псалтырь кафизма слушать онлайн бесплатно	1143
патриаршее изучение библии	1139
послание апостола иакова	1137
псалтырь валаамского монастыря слушать онлайн	1137
очмл аудиокнига	1133
слушать псалтырь на русском языке бесплатно	1129
подстрочный перевод библии	1119
слушать библию перевод	1116
библейские заповеди	1111
yplaces приложение	1092
священное писание читать	1089
библия онлайн новый завет	1087
богиня на английском	1084
скачать библию на русском языке бесплатно	1084
ветхий завет аудиокнига	1082
язык синодального перевода	1082
олег стеняев толкование библии	1074
программа изучения библии	1071
кафе на краю земли аудиокнига	1069
переводы библии книги	1067
azbuka ru православный сайт	1063
купить библию перевод	1053
библейские цитаты	1052
слушать новый завет онлайн бесплатно	1049
план чтения библии на каждый день	1048
псалтырь псалом слушать	1043
слушать библию полностью бесплатно	1041
библия бесплатные книги	1039
книга бытия читать	1034
ветхий и новый завет разница	1024
патриаршая программа изучения библии	1003
библия онлайн полностью	999
псалтырь пресвятой богородицы слушать	992
молитва за ближних	990
библия слушать на русском бесплатно полностью	986
синодальный перевод на русском языке	986
псалтырь слушать на русском без реклам	984
евангелие синодальный перевод	977
библия онлайн бесплатно полностью	974
библия слушать на русском новый завет	973
переводы библии читать бесплатно	972
знак номер на клавиатуре андроид	965
новый синодальный перевод	962
с чего начать читать библию	955
аудиобиблия онлайн	951
библия читаем аудио	946
читай библию аудио	946
псалтырь слушать валаамский кафизма	940
библия онлайн для детей	939
псалтырь давидов слушать	934
кто написал евангелие	931
библия на русском языке читать бесплатно онлайн	917
псалтырь слушать на русском бесплатно без перерыва	915
слушать псалтырь на русском без перерыва	915
новый завет синодальный перевод	910
переводчик ржя	910
библия для чтения	908
аудио библия онлайн бесплатно	904
евангелие от иоанна глава 12	904
псалтырь слушать 90	901
аудио библия слушать онлайн бесплатно	898
псалтирь на русском слушать онлайн	890
библия синодальный перевод скачать	889
детская библия слушать	885
псалом 95	869
библия толкование бесплатно	863
библия читает игорь козлов	860
читаем библию игорь козлов	860
енох в библии	859
я еще бог книга 41	858
библия новый завет слушать онлайн	853
программа для установки приложений на айфон	853
аудиокнига библия русская	850
книга толкование библии	836
библия за год иларион	822
детская библия онлайн	814
синодальный перевод книга	812
переводы библии читать онлайн	798
библия за год с митрополитом иларионом	788
псалом 1 читать	788
новый завет слушать онлайн на русском бесплатно	784
молитвы до и после чтения евангелия	783
библия современный перевод читать	777
лава по английски	775
толкование библии онлайн	774
молитва перед началом работы	769
библия аудиокнига слушать на русском	764
10 заповедей ветхого завета	763
исаак библия	753
лучшая аудио библия	752
митрополит иларион библия за год день	749
библия читает бондаренко	746
бог на англ	745
синодальный перевод библии на русский язык	736
аудио библия слушать бесплатно в хорошем	734
wallet что это за приложение	732
аудио библия в хорошем качестве	727
аудио библия слушать в хорошем качестве	727
библия аудио слушать бесплатно в хорошем качестве	724
библия русский синодальный перевод читать	723
библия новый завет перевод	722
библия новый завет слушать бесплатно	722
зерна интернет магазин православных книг	717
библия за год илларион	714
книга иова читать	713
читать библию синодальный перевод бесплатно	708
библия для детей слушать онлайн	699
библия ветхий завет перевод	693
план чтения библии план победы	680
слушать новый завет на русском языке	669
молитва ии	667
библия за год с митрополитом илларионом	666
черногория украина	661
пеое переводчик с английского на русский	660
слушать библию синодальный перевод	657
жития святых слушать аудиокнигу	655
книги библии по порядку	651
переводной грех такопи	650
переводный грех такопи	650
как правильно читать библию	649
рнон переводчик	647
дыхание молитва	646
псалтырь читать с переводом	646
кулаков перевод библии	645
переводы библии онлайн бесплатно	645
слушать библию на русском новый завет бесплатно	639
библия аудиокнига слушать бесплатно на русском	636
available перевод с английского на русский	634
читать книги на библибоба	632
лот библия	630
аудио библия козлов	629
аудиокнига библия онлайн бесплатно	629
аудиокниги библия слушать онлайн бесплатно	627
зельда на андроид	627
иосиф в библии	625
вячеслав по английски	624
ветхий завет синодальный перевод	623
библия за год с илларионом день	619
synonim org переводчик	609
библия аудиокнига скачать	608
библия читать на русском бесплатно синодальный перевод	607
библия русском аудио	606
чтение библии на каждый день слушать	602
лампа для чтения книг	600
толкование библии онлайн бесплатно	599
бог на английском языке	593
синодальный перевод слушать онлайн	592
толкование библии слушать онлайн	592
библии на телефон	589
чтение апостолов и евангелие на сегодня	589
приложение для распознавания музыки	585
библия перевод скачать бесплатно	584
слушать новый завет на русском языке бесплатно	578
рбо перевод библии	576
аудио библия бондаренко	569
синодальный перевод читать онлайн	565
библия для начинающих	564
библия александром бондаренко	561
священная книга иудеев	561
ветхий завет различные авторы книга	560
пее переводчик с английского на русский	553
скачать библию русский перевод	551
библия новый завет слушать онлайн на русском	550
новый завет читать на русском языке бесплатно	545
библия онлайн слушать перевод	540
дословный переводчик	540
библия онлайн бондаренко	537
новый завет читать онлайн	530
псалом 4 читать	526
купить библию синодальный перевод	523
библия синодальный перевод читать онлайн	516
еере переводчик	515
сфр номер телефона по пособиям	515
88date приложение	510
аудио библия перевод	509
молитвы 99 видов	506
православные обои на телефон	503
библия аудио на русском бесплатно	499
аудио библия скачать бесплатно	493
новый завет различные авторы книга	493
сколько глав в библии	490
скачать аудиокниги на анвап	488
библия ветхий завет синодальный перевод	486
10 заповедей моисея из ветхого завета	483
библия современный перевод бесплатно	480
уникальная аудио библия	479
библейский грешник	472
библия за год 2026	471
вязать по английски	470
молитва 999 видов	470
прославление бога христианские песни	470
disciples на андроид	469
толкование библии слушать онлайн бесплатно	468
как читать библию начинающим	466
айлавью на английском	463
аудио библия онлайн в хорошем качестве	461
библия онлайн бесплатно синодальный перевод	458
переводчик нави	456
как молиться утром	453
edition перевод с английского на русский	448
книги ветхого завета по порядку	445
украина колобок из одессы	445
азбука библия за год	442
полный православный молитвослов сайт	436
псалом 49 читать	436
новый завет аудиокнига слушать	435
я еще бог книга xli	435
сайт библибоба	434
как молиться за других	432
чтение библии на каждый день голикова	431
первая книга ветхого завета	430
книга чисел библия	427
скачать библию на телефон	425
толкование библии на русском слушать онлайн	424
симфония синодального перевода	423
ольга голикова чтение библии на каждый день	422
матфей синодальный перевод	420
лев на англ	417
бог украинцев	413
евангелие от матфея аудиокнига	412
новый синодальный перевод библии	410
слушать новый завет без	410
аудио библия слушать читает	409
библия читать на русском языке синодальный перевод	409
читаем библию аудио слушать	409
акафист спасу нерукотворному слушать	406
голикова план чтения библии	406
слушать библию онлайн синодальный перевод	403
бесплатная детская библия	402
псалтырь синодальный перевод	402
библия аудиокнига слушать онлайн на русском	400
синодальный перевод скачать бесплатно	396
библия на русском языке аудиокнига	395
в каком порядке читать библию	392
псалмы в синодальном переводе	390
читать книги серии стикс	390
библия новый завет синодальный перевод	388
ежедневное чтение библии	382
fry перевод с английского	380
аудио библия читает козлов	380
молитвы перед началом чтения псалтири	379
аудио библия синодальный	378
как начать читать библию	376
аудио библия для детей	375
чтение библии за год	375
иисусова молитва как правильно	374
чтение библии на каждый день 2026	372
слушать библию аудиокнига на русском языке	371
книга библия современный перевод	368
аудио библия игорь	367
молитва при чтении евангелия	366
аудиокнига библия ветхий	364
библия дня аудио	364
молитва от 99 видов порчи	361
аудио библия игоря козлова	360
библия современный перевод рбо	360
фильмы на библейские темы	360
иисус по английски	357
библия новый завет слушать онлайн бесплатно	355
библия новый завет аудиокнига	354
псалтырь аудио слушать	352
библия современный перевод скачать	350
my bible	349
скачать бетера на андроид	348
библия современный русский перевод читать	347
аудиокнига библия ветхий завет	344
ветхий завет библейские истории мультсериал 1996	344
библия на английском языке	340
библия читает александр бондаренко	340
синоним орг переводчик	337
постыдное приложение	334
стих из библии на день рождения	334
аудио библия евангелие	330
библия параллельный	328
аудио библия синодальный перевод	327
слушать новый завет новый перевод	326
сколько книг в ветхом завете	325
слушать аудио библию козлов	325
библия книги по порядку список	321
трекер беременности приложение	321
библия онлайн современный перевод	320
библия на телефон бесплатно	317
какую библию лучше читать	317
как изучать библию	315
план чтения библии ольги голиковой	315
скачать библию бесплатно на телефон	313
умеров украина	313
вторая книга ветхого завета	312
библия аудиокнига слушать онлайн на русском бесплатно	310
структура библии	309
аудио библия новая	301
слушать аудио библию на русском	301
молитва от 999 видов порчи	300
oziexplorer для андроид	298
библия за год азбука веры	297
azbyka ru православный сайт	296
библия аудиокнига переводов	294
слушать аудио библию бесплатно на русском	294
скачать приложение библия	293
даун по английски	291
толкование нового завета слушать	286
библия за год план	284
предание ру православный портал	284
аудио библия читает игорь	282
новый завет синодальный перевод слушать	282
новый завет синодальный слушать	282
рахиль в библии	279
слушать библию читает бондаренко	279
слушать библию современный перевод	278
царство греха книги по порядку	277
как молиться за другого человека	276
аудио библия читает игорь козлов	275
аудиокниги синодальная библия	273
антихрист проклятие христианству фридрих ницше книга	272
посольство украины в грузии	272
православный календарь с чтением евангелия и апостол	272
слушать бесплатно библию для детей	272
библия исайя слушать	269
христианские обои на телефон	269
библия синодальный перевод аудиокнига	268
лозинский переводчик	267
методы изучения библии	260
сгрузить приложение айфон что это значит	260
бачить по украински перевод	254
план чтения библии за год	253
50 псалом покаянный молитва	250
проповеди христианские евангельские слушать	250
иерей афанасий проповеди слушать	249
изучение писания библии	249
молитва перед началом любого дела	249
новый ветхий завет слушать	249
библия для детей слушать онлайн бесплатно	246
грех по английски	246
библия для самостоятельного изучения	242
библия евангелие аудиокнига	239
книга иова слушать аудиокнигу	239
читаем библию за год	239
читать библию за год	239
слушать новый завет читает	238
богиня по английски	237
слушать евангелие новый завет	237
слушать новый завет полностью	236
толкование нового завета слушать онлайн	234
новый завет слушать онлайн хорошем качестве	233
honor of kings скачать на андроид	232
новый завет с толкованием слушать бесплатно	232
план чтения библии на сентябрь	232
новый завет толкование слушать онлайн бесплатно	229
bible online	226
слушать новый завет в хорошем качестве	225
аудиокниги слушать библия ветхий	222
слушать библию за год	222
библия аудиокнига скачать бесплатно	219
новый завет слушать без рекламы	219
как переводится евангелие	218
какую библию читать начинающему	218
библия на андроид	216
библия на ночь слушать	216
библия современный перевод читать бесплатно	214
слушать аудиокнигу библию бесплатно без регистрации	214
сколько книг в православной библии	213
пророк самуил в библии	212
православная полочка аудиокниги в плейлистах	210
ходатайственная молитва	209
библия современный русский перевод читать бесплатно	208
перевод библии на современный язык	207
как понять слово библия	206
скачать библию на телефон на русском	206
слушать аудиокнигу библия ветхий завет	206
слушать новый завет полностью на русском	206
ftgt переводчик	204
seeker перевод с английского	204
скачать библию на русском бесплатно телефон	203
индуктивный метод изучения библии	201
план победы чтения библии на каждый	199
десять библейских заповедей	196
avidreadres ru книги для чтения	195
современные переводы библии на русский язык	194
чтение библии на каждый день библия онлайн	194
аудио библия читает бондаренко	190
как читать библию начинающим с чего начать	190
стихи из библии на каждый день	188
иисус на английском языке	185
как правильно молиться утром	185
евангелие иуды книга	184
новый завет слушать онлайн полностью	184
слушать онлайн бесплатно новый завет полностью	184
слушать бесплатно без рекламы новый завет	183
слушать библию перед сном	182
библия для начинающих читать	181
minecraft 4pda android	180
молитва о здравии своими словами	180
новый завет аудиокнига слушать онлайн	180
война и библия аудиокнига	178
новый завет аудио слушать	177
библия современный перевод купить	176
молитва за ближних ко господу	176
библия современный русский перевод скачать	175
библия на английском перевод	172
как правильно начинающему читать библию	171
какие главы библии читают	169
какую главу библии читаем	169
библия как понять суть	168
2026 план чтения библии голикова	167
библия слушать аудиокнигу полностью	166
план победы чтения библии на каждый день	165
слушать новый завет полностью на русском языке	165
библия современные переводы скачать бесплатно	163
пред и по чтении евангелие	163
книга притчей соломоновых читать	162
скачать библию на андроид	162
фильмы по библейским сюжетам	161
читаем аудиокнигу библию	160
читать библию аудиокнига	160
библия по английски	159
библия для детей аудиокнига	156
библия читать онлайн толкование	154
молитва перед началом чтения псалтыря	154
библия на ночь слушать бесплатно	153
кулаков современный перевод библии	152
марафон библия за год	152
библия новый завет синодальный перевод аудиокнига	148
аудиокниги библия слушать онлайн бесплатно без регистрации	147
как позвонить с неизвестного номера билайн	147
план чтения библии сегодня	146
слушать библию без музыки	146
библия современный русский перевод рбо	145
портал иисус библия за год	145
как читать библию книга	144
план чтения библии на 2026	144
библия за год август	143
слушать аудиокнигу война и библия	143
библия новый современный перевод	142
библия книга аудиокнига	137
как молиться утром и вечером	137
молитвослов евангелие псалтырь ковчег купить	137
luna translator переводчик текста с экрана	136
библия для самостоятельного изучения по индуктивному	134
библия для самостоятельного изучения по индуктивному методу	133
библия за год марафон 2026	133
новый завет и псалтирь что это	133
аудиокнига николая сербского библия и война	132
полная версия библии аудиокнига	131
аудиокниги слушать библия новый	130
слушать аудиокнигу библия новый завет	129
скачать перевод библии на телефон	127
gthtdj переводчик	125
слушать библию онлайн на ночь	125
библия за год асд	123
как позвонить с анонимного номера теле2	122
слушать библию онлайн современный перевод	122
человек из пекла аудиокнига 1	122
библия на ночь слушать бесплатно онлайн	121
как молиться утром дома	120
молитва богородице за ближних	120
скачать библию бесплатно на телефон перевод	120
библия прудовский	119
аудио библия читает александр бондаренко	118
библия для детей слушать аудиокнигу	118
библия новый завет современный перевод	118
новости украины сегодня ануфриенко подоляк	118
библия современный перевод читать онлайн	117
библия с параллельным переводом	114
библия с параллельными местами	114
иисус на англ	114
как правильно читать библию с чего начать	114
библия на андроид бесплатно	112
скачать бесплатную библию на андроид	112
библия за год патриаршая	111
день рождения зеленского президента украины	111
программа библия за год	111
аудио библия современный перевод	110
библия на андроид на русском	108
послушать евангелие на сегодня	108
читать 1 главу из евангелия	108
библия современный перевод скачать бесплатно на русском	107
план чтения библии 2025	106
план чтения библии на каждый 2025	106
план чтения библии на каждый день 2025	106
слушать аудиокниги на библус новинки	105
английская библия на русском	104
библия читает александр бондаренко слушать	104
ьь переводчик	103
библия за год патриаршая программа	102
библия на украинском	102
псалтырь в синодальном переводе читать	101
русская библия на андроид скачать бесплатно	101
русская библия скачать на андроид	101
слушать библию современный перевод бесплатно	99
какой перевод библии лучше	98
библия на английском купить	97
созерцательная молитва	97
молитва перед чтением евангелия до и после	96
библия за 1 год	94
библию современного перевода полную бесплатно	92
библия онлайн план чтения	91
как понимать стих из библии	91
молитва дыхание души	91
библия современный русский перевод онлайн	90
стих дня из библии на сегодня	90
толкование библии для начинающих	90
аудио библия для детей слушать	89
библия онлайн за год	88
современные библейские переводы библии	88
ежедневный план чтения библии	87
молитва песня ии	87
с чего начать читать библию обычному	86
с чего начать читать библию обычному человеку	86
библия перед сном слушать онлайн	85
молитва апп приложение	85
библия прудовский слушать	82
как правильно молиться утром и вечером	82
библия синодальный перевод на телефон	80
библия синодальный перевод скачать на телефон	80
как правильно утром дома молится	80
библия онлайн современный перевод слушать бесплатно	79
план чтения русско библии	79
библия за год книга	78
ветхий завет читать 15 псалом	78
новейший завет фильм про дату смерти	78
скачать библию на телефон русский язык	78
вечернее молитвенное правило оптинских старцев слушать	76
какая молитва читается перед чтением евангелия	76
библия за 2 года	75
псалмы от подселенцев слушать	74
русское приложение библии	74
аудио библия на телефон	73
аудио библия скачать на телефон	73
библия на английском читать	73
молитва за ближнего человека	73
на андроид скачать переводы библии	73
параллельная русская библия	73
скачать библию синодальный перевод бесплатно на телефон	73
молитва нейросеть	72
перевод библии современного общества	72
стихи из библии на каждый день ободряющие	71
читать книги на лит бум	71
библия современный перевод псалом	69
ежедневное чтение библии на каждый	69
ежедневное чтение библии на каждый день	68
акафист кресту животворящему слушать валаамский монастырь	67
скачать синодальную библию на андроид	67
цитаты из библии на английском	67
план чтения библии на 2026 год	66
читает библию как называется	66
аудио библия скачать на телефон бесплатно	65
все псалмы на обычном языке читать	65
как лучше читать библию	65
пархоменко константин протоиерей ветхий завет	65
план победы чтения библии на сегодня	65
аудиодетективы слушать онлайн бесплатно аудиокниги	64
библия синодальный перевод на андроид	64
как правильно понять библию	64
как читать библию мень	64
скачать библию синодальный перевод на андроид	64
план чтения библии голикова на сегодня	62
план чтения библии на сегодня ольга	62
план чтения библии ольга голикова на сегодня	62
как читать библию православным	61
скачать библию синодальный на андроид бесплатно	61
библия за год план чтения на каждый	60
план чтения библии в рутубе	60
слушать аудиокнигу от баталова	60
библия на английском и русском	59
библия современный русский перевод кулаков	59
библия современный русский перевод кулакова	59
что сегодня читать из библии и евангелия	59
библия новый русский современный перевод	58
великий пророк автор библейской книги судей	58
стихи из библии с днем рождения женщине	58
бесплатное приложение библия	57
обои на телефон библия	57
перевод библии с параллельными местами	57
слушать библию современный русский перевод	57
библия как правильно читать порядок	56
как начать изучать библию	56
как нужно читать библию	56
библия за год азбука ру	55
библия современный перевод читать онлайн бесплатно	55
ежедневное чтение библии план победы	55
самый точный перевод библии	55
современный русский перевод библии читать онлайн	55
параллельные места писания библии	54
параллельные места библии и ветхого завета	53
чтение библии за год 2026	53
день 1 библия за год	52
чтение библии на день за год	52
библия книга структура	51
план чтения библии на каждый день 2026	51
скачать бесплатно приложение библия	51
сколько канонических книг в библии	51
библия для слепых	50
библия илья прудовский	50
библия каждый день за год	50
молитвы за детей своими словами	50
сколько книг в новом завете библии	50
слушать библию на английском	50
библия для андроид на русском языке	49
как изучать библию самостоятельно	49
аудио библия за год	48
библия с чего начать читать новичку	48
библия современные синодальный перевод	48
книги библии на английском	48
сколько книг в ветхом завете библии	48
хронологический план чтения библии	48
библия на украинском языке	47
библия перевод на английский язык	47
библия современный русский перевод учебное издание	47
вечером ие молитвы	47
приложение читать библию	47
библия на английском языке купить	46
скачать современную библию на телефон	46
азбука ру православный сайт библия за год	45
библия современный перевод скачать на телефон бесплатно	45
скачать библию на телефон современный перевод	45
как правильно молиться за других	44
библия за год день 2	43
библия на русском и английском языках	43
библия для начинающих с пояснениями	42
как правильно изучать библию	42
пособие для самостоятельного изучения библии	42
английский на русский перевод библии	41
библия новое приложение	41
как читать библию дома	41
параллельно чтение библии за год	41
скачать приложение русская библия	41
утренние молитвы своими словами	41
цитаты из библии на телефон	41
александр мень как читать библию	40
библия с толкованием приложение	40
библия сколько читать по времени	40
отрывки из библии перед сном слушать онлайн	40
lectio divina	39
план чтения библии цхм	39
лучшие приложения библии	38
молитва дыхание жизни	38
библия перед сном слушать онлайн бесплатно	37
благодарственные молитвы своими словами	37
какой перевод библии самый точный	37
скачать план чтения библии	37
сколько книг в синодальной библии	37
библия индуктивная для самостоятельного изучения купить	36
в каком переводе лучше читать библию	36
библия на церковнославянском с параллельным переводом	35
библия новый завет как читать	35
ежедневное чтение библии сентября	35
иисусова молитва и дыхание	35
как правильно читать библию православную	35
молитвы вечерние ии	35
приложение библия для андроид	34
приложение для чтения библии	34
скачать на телефон аудио библию русская	34
библия бси для индуктивного метода изучения	33
библия для начинающих купить	33
библия для начинающих на русском языке	33
библия с чего начать читать православному	33
библия читать на телефоне	33
как можно читать библию	33
скачать полную библию на телефон	33
слово библия на английском	33
библия русский перевод с параллельными местами	32
библия скачать полная на телефон бесплатно	32
как надо читать библию	32
как читать библию чтобы понимать	32
православие как молиться за другого	32
с чего лучше начать читать библию	32
самый точный перевод библии на русский	32
скачать библию на андроид без регистрации	32
молитвы за родных и ближних	31
план чтения библии свет христа	31
библия онлайн приложение	30
как читать библию по порядку	30
обои на телефон с цитатами из библии	30
сколько глав в синодальной библии	30
библия на английском онлайн	29
как читать библию начинающим православным	29
молитва дыхание душиминус	29
молитва своими словами матронушке о здравии	29
план чтения библии на 2025г	29
как правильно читать библию дома	28
как читать библию в каком порядке	28
молитва всякие дыхания	28
молитва за ближнего человека в трудную	28
приложение для изучения библии	28
сколько глав в книгах библии	28
как изучать библию книга	27
как читать библию новичку	27
библия на английском скачать	26
как читать библию и евангелие	26
план чтения библии аудио	26
план чтения библии для детей	26
поставь библию на английском языке	26
англо русская параллельная библия	25
прозоровский библия	25
как молиться за другого человека православие	24
приложение православная библия	24
с чего нужно начинать читать библию	24
аудио библия скачать бесплатно mp3 на телефон	23
библия для айфона	23
библия короля на английском	23
как молиться за человека другой веры	23
как правильно молиться за другого человека	23
как правильно читать библию новичку	23
план чтения библии в хронологическом порядке	23
приложение аудио библия	23
сколько глав в библии ветхий завет	23
библия на телефон андроид	22
как правильно читать библию православную дома	22
как читать библию детям	22
как читать библию каждый день	22
приложение библия для компьютера	22
библия синодальный перевод приложение	21
как изучать библию самостоятельно с чего начать	21
структура библии состав библии	21
31 августа план чтения библии ольги голиковой	20
сколько глав в библии всего синодальный перевод	20
сколько глав в новом завете библии	20
библия скачать на телефон андроид	19
как молиться за другого человека о здравии	19
первая библия на английском	19
православная библия на английском	19
библия на английском языке онлайн	18
библия скачать на телефон андроид бесплатно	18
все книги библии по порядку список фото	18
главы библии на английском	18
дерек принс пособие для самостоятельного изучения библии	18
как начать читать библию новичку	18
книги библии по порядку список в православии	18
кто перевел библию на английский	18
купить книгу как читать библию	18
план чтения нового завета	18
библия слушать читает илья прудовский	17
аудио библии на английском	16
библия онлайн слушать без музыки	16
ежедневный план чтения библии асд	16
заставка на телефон библия	16
приложение библия для компьютера biblequote	16
стихи из библии на английском	16
как лучше начать читать библию	15
как правильно читать библию чтобы ее понять	15
как прочитать библию за год	15
как читать библию онлайн	15
с чего надо начинать читать библию	15
синодальный перевод библии с параллельными местами	15
структура библии схема	15
татьяна ступа ходатайственная молитва	15
читать библию на английском языке	15
аудио библия слушать без музыки	14
библия и коран параллельные места	14
библия синодальный перевод скачать приложение	14
еврейская библия музыку скачать на телефон	14
как лучше читать библию в первый раз	14
молитва поет ии	14
слушать библию бесплатно без музыки	14
библия на английском как пишется	13
библия на английском языке слушать	13
библия структура и содержание	13
вечером ие молитвы слушать	13
с чего стоит начать читать библию	13
слушать библию без музыки в хорошем качестве	13
библия для детей приложение	12
библия каноническая с параллельными местами	12
библия с параллельными местами онлайн	12
приложения библия псалтырь	12
текст библии на английском	12
установить приложение библия	12
фразы из библии на английском	12
голикова план чтения библии 31 августа 2026	11
законы библии на английском	11
как правильно читать библию каждый день	11
название библии на английском	11
план чтения библии на 25 августа	11
слушать библию на английском языке онлайн	11
читала библию перед тем как ее трахнули	11
англо русская параллельная библия купить	10
библия читает прозоровский	10
благодарственные молитвы своими словами к святым	10
новые отзывы о книге практика созерцательной молитвы	10
скачать приложение библия с толкованием	10
что значит параллельные места в библии	10
библия на английском языке скачать	9
библия слушать псалтирь без музыки	9
лучшие приложения библейские библия	9
молитва благодарности богу своими словами	9
скачать бесплатно на телефон аудиокнигу библия	9
скачать библию на телефон без регистрации	9
установить на телефон библию	9
библия для слепых слушать прудовский	8
библия за год приложение	8
библия места писания приложение	8
благодарственные молитвы своими словами к иисусу христу	8
молитвы за детей евангелиста своими словами	8
приложение библия ветхий и новый завет	8
библия карманная купить на английском	7
библия на английском короля иакова купить	7
детская библия на английском языке	7
какой перевод библии самый лучший	7
названия книг библии на английском	7
пикабу библия как я читал новый завет	7
скачать сериал библия на телефон	7
аудио библия на английском языке	6
библия на британском английском слушать бесплатно	6
где можно купить библию на украинском	6
лектио дивина	6
приложение открывает книга библия	6
приложение разбор библии доходчиво	6
приложения для показа библии	6
самое всеобъемлющее приложение по изучению библии	6
скачать аудиокнигу бесплатно на телефон толкование библии	6
библия оффлайн	5
библия с приложениями рим 1944 1946	5
как загрузить библию на андроид мото плей	5
книги библии по порядку с неканоническими книгами	5
план чтения библии за 90 дней	5
приложение библия на русском скачать минимально	5
приложение со стихами из библии	5
проповеди на тему ходатайственная молитва	5
ходатайственная молитва о детях	5
хочу начать читать библию с чего начать	4
приложение библия онлайн для андроид	2
