keyword	avg_monthly_searches_range_midpoint
аудіо біблія	5000
аудіобіблія	5000
біблія аудіо	5000
біблія українською	5000
аудіо біблія слухати онлайн	500
аудіо біблія старий заповіт	500
аудіо біблія українською	500
аудіо біблія українською огієнка	500
аудіобіблія українською	500
библия онлайн українською	500
біблія аудіо українською	500
біблія аудіокнига українською	500
біблія для дітей українською мовою читати онлайн	500
біблія купити українською	500
біблія онлайн слухати	500
біблія онлайн слухати огієнка	500
біблія онлайн українською	500
біблія слухати	500
біблія слухати онлайн	500
біблія слухати онлайн українською	500
біблія слухати українською	500
біблія слухати українською новий заповіт	500
біблія українською купити	500
біблія українською читати	500
біблія хоменка	500
біблія хоменка онлайн	500
біблія хоменка читати	500
біблія хоменко читати	500
біблія читати онлайн українською	500
біблія читати українською	500
біблії українською мовою	500
купити біблію українською	500
план читання біблії	500
план читання біблії за рік	500
святе письмо хоменка	500
слухати біблію	500
слухати біблію онлайн	500
слухати біблію українською	500
хоменка біблія	500
читати біблію онлайн українською	500
читати біблію українською	500
як правильно читати біблію	500
як читати біблію	500
аудио библия на украинский мови	50
аудиокнига біблія українською скачати	50
аудіо біблія для дітей	50
аудіо біблія для дітей українською	50
аудіо біблія новий заповіт	50
аудіо біблія огиенко скачати	50
аудіо біблія огієнка	50
аудіо біблія огієнка слухати	50
аудіо біблія огієнко	50
аудіо біблія онлайн	50
аудіо біблія онлайн українською	50
аудіо біблія онлайн українською слухати	50
аудіо біблія псалми	50
аудіо біблія скачати	50
аудіо біблія слухати	50
аудіо біблія українською мовою	50
аудіо біблія українською огієнка скачати	50
аудіо біблія українською скачати	50
аудіо біблія українською скачати безкоштовно	50
аудіо біблія українською слухати	50
аудіо книга біблія	50
аудіобіблія скачати	50
аудіобіблія слухати	50
аудіобіблія слухати онлайн	50
аудіокнига біблія	50
аудіокнига біблія українською	50
аудіокнига біблія українською скачати	50
біблійні історії для дітей аудио	50
біблійні історії для дітей слухати	50
біблія mp3 українською	50
біблія аудіо онлайн	50
біблія аудіо скачати	50
біблія аудіо слухати	50
біблія аудіокнига українською скачати	50
біблія в перекладі хоменка	50
біблія для дітей слухати	50
біблія для дітей українською	50
біблія для дітей українською мовою	50
біблія додаток	50
біблія мп3 українською скачати	50
біблія на замочку українською	50
біблія на українській	50
біблія новий завіт слухати онлайн	50
біблія новий заповіт слухати	50
біблія новий переклад	50
біблія новий переклад українською	50
біблія огієнка слухати	50
біблія онлайн аудіо	50
біблія онлайн на українській	50
біблія онлайн слухати псалми	50
біблія онлайн українською аудіо	50
біблія онлайн українською в перекладі огієнко	50
біблія онлайн українською мовою	50
біблія онлайн українською слухати	50
біблія онлайн українською хоменка	50
біблія онлайн хоменка	50
біблія онлайн читати українською	50
біблія переклад куліша читати	50
біблія переклад хоменка	50
біблія переклад хоменка купити	50
біблія переклад хоменка скачати	50
біблія переклад хоменка читати онлайн	50
біблія переклади українською	50
біблія сатани українською	50
біблія синодальний переклад українською	50
біблія слухати аудіо	50
біблія слухати скачати	50
біблія старий заповіт слухати	50
біблія сучасний переклад українською	50
біблія сучасний українській переклад	50
біблія сучасний українській переклад купити	50
біблія сучасною українською мовою	50
біблія українською аудіо	50
біблія українською мовою читати онлайн	50
біблія українською огієнка	50
біблія українською онлайн	50
біблія українською скачати mp3	50
біблія українською слухати	50
біблія українською сучасний переклад	50
біблія українською це	50
біблія українською читати онлайн	50
біблія хоменка купити	50
біблія хоменка скачати	50
біблія читати українською мовою	50
біблія івана хоменка	50
громов біблія українською	50
дитяча аудіо біблія	50
дитяча біблія онлайн українською	50
дитяча біблія українською	50
дитяча біблія українською купити	50
дитяча біблія читати онлайн українською	50
дослівний переклад біблії	50
купити біблію українською мовою	50
купити біблію українською мовою переклад огієнка	50
купити біблію хоменка	50
купити українську біблію	50
новий переклад біблії українською	50
новий переклад біблії українською мовою	50
онлайн біблія слухати	50
онлайн біблія українською	50
переклад біблії українською	50
переклад біблії українською мовою	50
переклад біблії хоменка	50
переклад біблії івана хоменка	50
переклад хоменка	50
переклади біблії українською	50
переклади біблії українською мовою	50
перше видання біблії українською мовою	50
план читання библии за 90 днів	50
план читання біблії за рік 2022	50
план читання біблії за рік 2023	50
план читання біблії на 2022 рік	50
план читання біблії на 2023 рік	50
план читання біблії на рік	50
православна біблія українською	50
річний план читання біблії	50
святе письмо аудіо	50
святе письмо онлайн слухати	50
святе письмо переклад хоменка	50
святе письмо слухати	50
святе письмо слухати онлайн	50
святе письмо українською мовою	50
святе письмо хоменка купити	50
симфония біблія українською	50
симфонія библия українською	50
симфонія біблія українською	50
симфонія для біблії українською	50
скачати аудіо біблію	50
скачати аудіо біблію українською мовою	50
слухати аудіо біблію	50
слухати біблію новий завіт	50
слухати біблію онлайн українською	50
слухати біблію старий завіт	50
слухати біблію українською мовою	50
слухати онлайн біблію	50
слухати святе письмо	50
сучасний переклад біблії українською	50
сучасний переклад біблії українською мовою	50
сучасний український переклад біблії	50
турконяка	50
українська аудіо біблія	50
українська аудіобіблія	50
українська біблія куліша	50
українська біблія купити	50
українська біблія онлайн	50
українська біблія онлайн сучасний переклад	50
українська біблія переклад огієнка	50
українська біблія сучасний переклад	50
українська біблія читати	50
хоменко святе письмо	50
хронологічний план читання біблії	50
читати біблію українською мовою	50
як почати читати біблію	50
як читати біблію і бачити всю її цінність	50
аудио библия для дітей	0
біблійні истории для дітей аудио	0
план читання библии на 2023 рік	0
