book	full_name_en	full_name_ru	full_name_uk	chapter	verses	seconds_bsb_souer
1	Genesis	Бытие	Буття	1	31	271.0
1	Genesis	Бытие	Буття	2	25	198.0
1	Genesis	Бытие	Буття	3	24	213.9
1	Genesis	Бытие	Буття	4	26	220.7
1	Genesis	Бытие	Буття	5	32	186.6
1	Genesis	Бытие	Буття	6	22	172.1
1	Genesis	Бытие	Буття	7	24	168.4
1	Genesis	Бытие	Буття	8	22	167.6
1	Genesis	Бытие	Буття	9	29	199.3
1	Genesis	Бытие	Буття	10	32	190.5
1	Genesis	Бытие	Буття	11	32	214.6
1	Genesis	Бытие	Буття	12	20	151.6
1	Genesis	Бытие	Буття	13	18	141.9
1	Genesis	Бытие	Буття	14	24	213.0
1	Genesis	Бытие	Буття	15	21	150.1
1	Genesis	Бытие	Буття	16	16	135.9
1	Genesis	Бытие	Буття	17	27	200.7
1	Genesis	Бытие	Буття	18	33	264.3
1	Genesis	Бытие	Буття	19	38	328.2
1	Genesis	Бытие	Буття	20	18	162.8
1	Genesis	Бытие	Буття	21	34	233.3
1	Genesis	Бытие	Буття	22	24	191.2
1	Genesis	Бытие	Буття	23	20	141.9
1	Genesis	Бытие	Буття	24	67	509.0
1	Genesis	Бытие	Буття	25	34	249.6
1	Genesis	Бытие	Буття	26	35	270.9
1	Genesis	Бытие	Буття	27	46	377.2
1	Genesis	Бытие	Буття	28	22	178.5
1	Genesis	Бытие	Буття	29	35	255.6
1	Genesis	Бытие	Буття	30	43	330.2
1	Genesis	Бытие	Буття	31	55	431.2
1	Genesis	Бытие	Буття	32	32	246.6
1	Genesis	Бытие	Буття	33	20	168.9
1	Genesis	Бытие	Буття	34	31	234.9
1	Genesis	Бытие	Буття	35	29	214.0
1	Genesis	Бытие	Буття	36	43	311.5
1	Genesis	Бытие	Буття	37	36	286.3
1	Genesis	Бытие	Буття	38	30	249.2
1	Genesis	Бытие	Буття	39	23	183.0
1	Genesis	Бытие	Буття	40	23	166.6
1	Genesis	Бытие	Буття	41	57	414.2
1	Genesis	Бытие	Буття	42	38	303.0
1	Genesis	Бытие	Буття	43	34	280.0
1	Genesis	Бытие	Буття	44	34	244.0
1	Genesis	Бытие	Буття	45	28	222.3
1	Genesis	Бытие	Буття	46	34	254.6
1	Genesis	Бытие	Буття	47	31	277.5
1	Genesis	Бытие	Буття	48	22	203.5
1	Genesis	Бытие	Буття	49	33	243.2
1	Genesis	Бытие	Буття	50	26	211.7
2	Exodus	Исход	Вихід	1	22	148.3
2	Exodus	Исход	Вихід	2	25	197.5
2	Exodus	Исход	Вихід	3	22	227.0
2	Exodus	Исход	Вихід	4	31	241.1
2	Exodus	Исход	Вихід	5	23	172.6
2	Exodus	Исход	Вихід	6	30	234.3
2	Exodus	Исход	Вихід	7	25	205.9
2	Exodus	Исход	Вихід	8	32	282.0
2	Exodus	Исход	Вихід	9	35	280.0
2	Exodus	Исход	Вихід	10	29	252.7
2	Exodus	Исход	Вихід	11	10	92.5
2	Exodus	Исход	Вихід	12	51	406.1
2	Exodus	Исход	Вихід	13	22	185.4
2	Exodus	Исход	Вихід	14	31	272.3
2	Exodus	Исход	Вихід	15	27	221.5
2	Exodus	Исход	Вихід	16	36	281.4
2	Exodus	Исход	Вихід	17	16	136.9
2	Exodus	Исход	Вихід	18	27	215.1
2	Exodus	Исход	Вихід	19	25	201.9
2	Exodus	Исход	Вихід	20	26	168.7
2	Exodus	Исход	Вихід	21	36	255.0
2	Exodus	Исход	Вихід	22	31	231.1
2	Exodus	Исход	Вихід	23	33	254.0
2	Exodus	Исход	Вихід	24	18	138.8
2	Exodus	Исход	Вихід	25	40	233.6
2	Exodus	Исход	Вихід	26	37	230.9
2	Exodus	Исход	Вихід	27	21	153.1
2	Exodus	Исход	Вихід	28	43	356.5
2	Exodus	Исход	Вихід	29	46	364.5
2	Exodus	Исход	Вихід	30	38	269.6
2	Exodus	Исход	Вихід	31	18	132.7
2	Exodus	Исход	Вихід	32	35	307.0
2	Exodus	Исход	Вихід	33	23	196.1
2	Exodus	Исход	Вихід	34	35	305.0
2	Exodus	Исход	Вихід	35	35	253.5
2	Exodus	Исход	Вихід	36	38	262.8
2	Exodus	Исход	Вихід	37	29	185.9
2	Exodus	Исход	Вихід	38	31	246.8
2	Exodus	Исход	Вихід	39	43	309.0
2	Exodus	Исход	Вихід	40	38	227.7
3	Leviticus	Левит	Левит	1	17	151.3
3	Leviticus	Левит	Левит	2	16	139.7
3	Leviticus	Левит	Левит	3	17	137.9
3	Leviticus	Левит	Левит	4	35	295.2
3	Leviticus	Левит	Левит	5	19	193.4
3	Leviticus	Левит	Левит	6	30	245.3
3	Leviticus	Левит	Левит	7	38	282.2
3	Leviticus	Левит	Левит	8	36	284.5
3	Leviticus	Левит	Левит	9	24	189.4
3	Leviticus	Левит	Левит	10	20	203.1
3	Leviticus	Левит	Левит	11	47	315.6
3	Leviticus	Левит	Левит	12	8	80.0
3	Leviticus	Левит	Левит	13	59	483.5
3	Leviticus	Левит	Левит	14	57	420.7
3	Leviticus	Левит	Левит	15	33	260.2
3	Leviticus	Левит	Левит	16	34	314.8
3	Leviticus	Левит	Левит	17	16	144.5
3	Leviticus	Левит	Левит	18	30	214.8
3	Leviticus	Левит	Левит	19	37	267.4
3	Leviticus	Левит	Левит	20	27	234.0
3	Leviticus	Левит	Левит	21	24	165.7
3	Leviticus	Левит	Левит	22	33	256.0
3	Leviticus	Левит	Левит	23	44	354.5
3	Leviticus	Левит	Левит	24	23	159.5
3	Leviticus	Левит	Левит	25	55	419.2
3	Leviticus	Левит	Левит	26	46	359.4
3	Leviticus	Левит	Левит	27	34	269.7
4	Numbers	Числа	Числа	1	54	365.0
4	Numbers	Числа	Числа	2	34	205.1
4	Numbers	Числа	Числа	3	51	375.6
4	Numbers	Числа	Числа	4	49	344.7
4	Numbers	Числа	Числа	5	31	252.9
4	Numbers	Числа	Числа	6	27	211.7
4	Numbers	Числа	Числа	7	89	633.1
4	Numbers	Числа	Числа	8	26	203.2
4	Numbers	Числа	Числа	9	23	202.4
4	Numbers	Числа	Числа	10	36	235.3
4	Numbers	Числа	Числа	11	35	294.2
4	Numbers	Числа	Числа	12	16	118.4
4	Numbers	Числа	Числа	13	33	216.0
4	Numbers	Числа	Числа	14	45	366.1
4	Numbers	Числа	Числа	15	41	299.1
4	Numbers	Числа	Числа	16	50	398.1
4	Numbers	Числа	Числа	17	13	93.4
4	Numbers	Числа	Числа	18	32	300.1
4	Numbers	Числа	Числа	19	22	217.5
4	Numbers	Числа	Числа	20	29	221.2
4	Numbers	Числа	Числа	21	35	290.1
4	Numbers	Числа	Числа	22	41	335.2
4	Numbers	Числа	Числа	23	30	224.8
4	Numbers	Числа	Числа	24	25	200.4
4	Numbers	Числа	Числа	25	18	128.1
4	Numbers	Числа	Числа	26	65	461.5
4	Numbers	Числа	Числа	27	23	182.2
4	Numbers	Числа	Числа	28	31	229.5
4	Numbers	Числа	Числа	29	40	287.8
4	Numbers	Числа	Числа	30	16	128.5
4	Numbers	Числа	Числа	31	54	330.3
4	Numbers	Числа	Числа	32	42	299.9
4	Numbers	Числа	Числа	33	56	316.4
4	Numbers	Числа	Числа	34	29	170.4
4	Numbers	Числа	Числа	35	34	279.3
4	Numbers	Числа	Числа	36	13	122.6
5	Deuteronomy	Второзаконие	Второзаконня	1	46	369.3
5	Deuteronomy	Второзаконие	Второзаконня	2	37	299.5
5	Deuteronomy	Второзаконие	Второзаконня	3	29	242.7
5	Deuteronomy	Второзаконие	Второзаконня	4	49	403.9
5	Deuteronomy	Второзаконие	Второзаконня	5	33	256.1
5	Deuteronomy	Второзаконие	Второзаконня	6	25	190.3
5	Deuteronomy	Второзаконие	Второзаконня	7	26	252.6
5	Deuteronomy	Второзаконие	Второзаконня	8	20	165.6
5	Deuteronomy	Второзаконие	Второзаконня	9	29	280.7
5	Deuteronomy	Второзаконие	Второзаконня	10	22	195.8
5	Deuteronomy	Второзаконие	Второзаконня	11	32	264.5
5	Deuteronomy	Второзаконие	Второзаконня	12	32	292.5
5	Deuteronomy	Второзаконие	Второзаконня	13	18	166.5
5	Deuteronomy	Второзаконие	Второзаконня	14	29	197.3
5	Deuteronomy	Второзаконие	Второзаконня	15	23	194.2
5	Deuteronomy	Второзаконие	Второзаконня	16	22	200.0
5	Deuteronomy	Второзаконие	Второзаконня	17	20	190.5
5	Deuteronomy	Второзаконие	Второзаконня	18	22	175.1
5	Deuteronomy	Второзаконие	Второзаконня	19	21	180.6
5	Deuteronomy	Второзаконие	Второзаконня	20	20	174.1
5	Deuteronomy	Второзаконие	Второзаконня	21	23	192.1
5	Deuteronomy	Второзаконие	Второзаконня	22	30	253.0
5	Deuteronomy	Второзаконие	Второзаконня	23	25	176.0
5	Deuteronomy	Второзаконие	Второзаконня	24	22	188.2
5	Deuteronomy	Второзаконие	Второзаконня	25	19	149.1
5	Deuteronomy	Второзаконие	Второзаконня	26	19	181.3
5	Deuteronomy	Второзаконие	Второзаконня	27	26	211.6
5	Deuteronomy	Второзаконие	Второзаконня	28	68	591.7
5	Deuteronomy	Второзаконие	Второзаконня	29	29	250.6
5	Deuteronomy	Второзаконие	Второзаконня	30	20	178.6
5	Deuteronomy	Второзаконие	Второзаконня	31	30	295.4
5	Deuteronomy	Второзаконие	Второзаконня	32	52	423.6
5	Deuteronomy	Второзаконие	Второзаконня	33	29	259.6
5	Deuteronomy	Второзаконие	Второзаконня	34	12	101.5
6	Joshua	Иисус Навин	Ісус Навин	1	18	176.0
6	Joshua	Иисус Навин	Ісус Навин	2	24	222.9
6	Joshua	Иисус Навин	Ісус Навин	3	17	157.1
6	Joshua	Иисус Навин	Ісус Навин	4	24	199.5
6	Joshua	Иисус Навин	Ісус Навин	5	15	156.8
6	Joshua	Иисус Навин	Ісус Навин	6	27	273.5
6	Joshua	Иисус Навин	Ісус Навин	7	26	297.0
6	Joshua	Иисус Навин	Ісус Навин	8	35	346.8
6	Joshua	Иисус Навин	Ісус Навин	9	27	225.1
6	Joshua	Иисус Навин	Ісус Навин	10	43	395.3
6	Joshua	Иисус Навин	Ісус Навин	11	23	212.5
6	Joshua	Иисус Навин	Ісус Навин	12	24	160.5
6	Joshua	Иисус Навин	Ісус Навин	13	33	280.7
6	Joshua	Иисус Навин	Ісус Навин	14	15	145.6
6	Joshua	Иисус Навин	Ісус Навин	15	63	384.0
6	Joshua	Иисус Навин	Ісус Навин	16	10	86.1
6	Joshua	Иисус Навин	Ісус Навин	17	18	194.7
6	Joshua	Иисус Навин	Ісус Навин	18	28	235.9
6	Joshua	Иисус Навин	Ісус Навин	19	51	318.9
6	Joshua	Иисус Навин	Ісус Навин	20	9	92.2
6	Joshua	Иисус Навин	Ісус Навин	21	45	290.4
6	Joshua	Иисус Навин	Ісус Навин	22	34	353.9
6	Joshua	Иисус Навин	Ісус Навин	23	16	148.9
6	Joshua	Иисус Навин	Ісус Навин	24	33	303.9
7	Judges	Судьи	Суддів	1	36	306.8
7	Judges	Судьи	Суддів	2	23	204.4
7	Judges	Судьи	Суддів	3	31	263.5
7	Judges	Судьи	Суддів	4	24	217.1
7	Judges	Судьи	Суддів	5	31	253.4
7	Judges	Судьи	Суддів	6	40	372.2
7	Judges	Судьи	Суддів	7	25	267.0
7	Judges	Судьи	Суддів	8	35	291.0
7	Judges	Судьи	Суддів	9	57	451.6
7	Judges	Судьи	Суддів	10	18	139.4
7	Judges	Судьи	Суддів	11	40	342.7
7	Judges	Судьи	Суддів	12	15	129.5
7	Judges	Судьи	Суддів	13	25	205.0
7	Judges	Судьи	Суддів	14	20	195.0
7	Judges	Судьи	Суддів	15	20	183.1
7	Judges	Судьи	Суддів	16	31	337.4
7	Judges	Судьи	Суддів	17	13	111.3
7	Judges	Судьи	Суддів	18	31	279.8
7	Judges	Судьи	Суддів	19	30	282.6
7	Judges	Судьи	Суддів	20	48	390.0
7	Judges	Судьи	Суддів	21	25	204.4
8	Ruth	Руфь	Книга Рут	1	22	194.7
8	Ruth	Руфь	Книга Рут	2	23	228.9
8	Ruth	Руфь	Книга Рут	3	18	152.4
8	Ruth	Руфь	Книга Рут	4	22	200.2
9	1 Samuel	1 Царств	1 Самуїла	1	28	232.6
9	1 Samuel	1 Царств	1 Самуїла	2	36	336.8
9	1 Samuel	1 Царств	1 Самуїла	3	21	164.5
9	1 Samuel	1 Царств	1 Самуїла	4	22	211.1
9	1 Samuel	1 Царств	1 Самуїла	5	12	115.1
9	1 Samuel	1 Царств	1 Самуїла	6	21	226.3
9	1 Samuel	1 Царств	1 Самуїла	7	17	168.8
9	1 Samuel	1 Царств	1 Самуїла	8	22	158.1
9	1 Samuel	1 Царств	1 Самуїла	9	27	269.4
9	1 Samuel	1 Царств	1 Самуїла	10	27	242.7
9	1 Samuel	1 Царств	1 Самуїла	11	15	145.6
9	1 Samuel	1 Царств	1 Самуїла	12	25	226.4
9	1 Samuel	1 Царств	1 Самуїла	13	23	209.6
9	1 Samuel	1 Царств	1 Самуїла	14	52	504.4
9	1 Samuel	1 Царств	1 Самуїла	15	35	304.9
9	1 Samuel	1 Царств	1 Самуїла	16	23	211.5
9	1 Samuel	1 Царств	1 Самуїла	17	58	493.8
9	1 Samuel	1 Царств	1 Самуїла	18	30	244.5
9	1 Samuel	1 Царств	1 Самуїла	19	24	215.6
9	1 Samuel	1 Царств	1 Самуїла	20	42	381.3
9	1 Samuel	1 Царств	1 Самуїла	21	15	145.4
9	1 Samuel	1 Царств	1 Самуїла	22	23	225.3
9	1 Samuel	1 Царств	1 Самуїла	23	29	249.2
9	1 Samuel	1 Царств	1 Самуїла	24	22	193.7
9	1 Samuel	1 Царств	1 Самуїла	25	44	400.6
9	1 Samuel	1 Царств	1 Самуїла	26	25	256.0
9	1 Samuel	1 Царств	1 Самуїла	27	12	117.3
9	1 Samuel	1 Царств	1 Самуїла	28	25	223.3
9	1 Samuel	1 Царств	1 Самуїла	29	11	119.9
9	1 Samuel	1 Царств	1 Самуїла	30	31	249.8
9	1 Samuel	1 Царств	1 Самуїла	31	13	109.6
10	2 Samuel	2 Царств	2 Самуїла	1	27	215.8
10	2 Samuel	2 Царств	2 Самуїла	2	32	262.8
10	2 Samuel	2 Царств	2 Самуїла	3	39	338.8
10	2 Samuel	2 Царств	2 Самуїла	4	12	132.7
10	2 Samuel	2 Царств	2 Самуїла	5	25	195.9
10	2 Samuel	2 Царств	2 Самуїла	6	23	199.0
10	2 Samuel	2 Царств	2 Самуїла	7	29	257.5
10	2 Samuel	2 Царств	2 Самуїла	8	18	152.9
10	2 Samuel	2 Царств	2 Самуїла	9	13	123.2
10	2 Samuel	2 Царств	2 Самуїла	10	19	185.4
10	2 Samuel	2 Царств	2 Самуїла	11	27	230.4
10	2 Samuel	2 Царств	2 Самуїла	12	31	281.7
10	2 Samuel	2 Царств	2 Самуїла	13	39	337.9
10	2 Samuel	2 Царств	2 Самуїла	14	33	330.5
10	2 Samuel	2 Царств	2 Самуїла	15	37	328.9
10	2 Samuel	2 Царств	2 Самуїла	16	23	219.4
10	2 Samuel	2 Царств	2 Самуїла	17	29	274.6
10	2 Samuel	2 Царств	2 Самуїла	18	33	321.8
10	2 Samuel	2 Царств	2 Самуїла	19	43	419.7
10	2 Samuel	2 Царств	2 Самуїла	20	26	247.9
10	2 Samuel	2 Царств	2 Самуїла	21	22	226.4
10	2 Samuel	2 Царств	2 Самуїла	22	51	285.9
10	2 Samuel	2 Царств	2 Самуїла	23	39	297.7
10	2 Samuel	2 Царств	2 Самуїла	24	25	246.7
11	1 Kings	3 Царств	1 Царів	1	53	449.6
11	1 Kings	3 Царств	1 Царів	2	46	422.9
11	1 Kings	3 Царств	1 Царів	3	28	242.5
11	1 Kings	3 Царств	1 Царів	4	34	237.5
11	1 Kings	3 Царств	1 Царів	5	18	154.1
11	1 Kings	3 Царств	1 Царів	6	38	286.5
11	1 Kings	3 Царств	1 Царів	7	51	436.4
11	1 Kings	3 Царств	1 Царів	8	66	602.1
11	1 Kings	3 Царств	1 Царів	9	28	241.7
11	1 Kings	3 Царств	1 Царів	10	29	252.4
11	1 Kings	3 Царств	1 Царів	11	43	393.2
11	1 Kings	3 Царств	1 Царів	12	33	299.7
11	1 Kings	3 Царств	1 Царів	13	34	293.1
11	1 Kings	3 Царств	1 Царів	14	31	283.4
11	1 Kings	3 Царств	1 Царів	15	34	285.6
11	1 Kings	3 Царств	1 Царів	16	34	329.9
11	1 Kings	3 Царств	1 Царів	17	24	200.0
11	1 Kings	3 Царств	1 Царів	18	46	426.1
11	1 Kings	3 Царств	1 Царів	19	21	229.0
11	1 Kings	3 Царств	1 Царів	20	43	444.2
11	1 Kings	3 Царств	1 Царів	21	29	260.6
11	1 Kings	3 Царств	1 Царів	22	53	453.4
12	2 Kings	4 Царств	2 Царів	1	18	198.8
12	2 Kings	4 Царств	2 Царів	2	25	262.6
12	2 Kings	4 Царств	2 Царів	3	27	251.4
12	2 Kings	4 Царств	2 Царів	4	44	383.8
12	2 Kings	4 Царств	2 Царів	5	27	287.3
12	2 Kings	4 Царств	2 Царів	6	33	290.5
12	2 Kings	4 Царств	2 Царів	7	20	225.3
12	2 Kings	4 Царств	2 Царів	8	29	281.7
12	2 Kings	4 Царств	2 Царів	9	37	370.3
12	2 Kings	4 Царств	2 Царів	10	36	355.1
12	2 Kings	4 Царств	2 Царів	11	21	206.0
12	2 Kings	4 Царств	2 Царів	12	21	197.9
12	2 Kings	4 Царств	2 Царів	13	25	249.1
12	2 Kings	4 Царств	2 Царів	14	29	268.6
12	2 Kings	4 Царств	2 Царів	15	38	323.5
12	2 Kings	4 Царств	2 Царів	16	20	193.6
12	2 Kings	4 Царств	2 Царів	17	41	364.5
12	2 Kings	4 Царств	2 Царів	18	37	354.2
12	2 Kings	4 Царств	2 Царів	19	37	341.7
12	2 Kings	4 Царств	2 Царів	20	21	197.7
12	2 Kings	4 Царств	2 Царів	21	26	222.0
12	2 Kings	4 Царств	2 Царів	22	20	192.3
12	2 Kings	4 Царств	2 Царів	23	37	403.0
12	2 Kings	4 Царств	2 Царів	24	20	176.2
12	2 Kings	4 Царств	2 Царів	25	30	267.2
13	1 Chronicles	1 Паралипоменон	1 Хронік	1	54	286.4
13	1 Chronicles	1 Паралипоменон	1 Хронік	2	55	339.6
13	1 Chronicles	1 Паралипоменон	1 Хронік	3	24	167.2
13	1 Chronicles	1 Паралипоменон	1 Хронік	4	43	309.1
13	1 Chronicles	1 Паралипоменон	1 Хронік	5	26	213.6
13	1 Chronicles	1 Паралипоменон	1 Хронік	6	81	462.6
13	1 Chronicles	1 Паралипоменон	1 Хронік	7	40	304.1
13	1 Chronicles	1 Паралипоменон	1 Хронік	8	40	203.7
13	1 Chronicles	1 Паралипоменон	1 Хронік	9	44	312.9
13	1 Chronicles	1 Паралипоменон	1 Хронік	10	14	107.6
13	1 Chronicles	1 Паралипоменон	1 Хронік	11	47	311.8
13	1 Chronicles	1 Паралипоменон	1 Хронік	12	40	291.7
13	1 Chronicles	1 Паралипоменон	1 Хронік	13	14	114.1
13	1 Chronicles	1 Паралипоменон	1 Хронік	14	17	111.8
13	1 Chronicles	1 Паралипоменон	1 Хронік	15	29	249.7
13	1 Chronicles	1 Паралипоменон	1 Хронік	16	43	291.9
13	1 Chronicles	1 Паралипоменон	1 Хронік	17	27	227.3
13	1 Chronicles	1 Паралипоменон	1 Хронік	18	17	139.2
13	1 Chronicles	1 Паралипоменон	1 Хронік	19	19	183.3
13	1 Chronicles	1 Паралипоменон	1 Хронік	20	8	84.1
13	1 Chronicles	1 Паралипоменон	1 Хронік	21	30	267.1
13	1 Chronicles	1 Паралипоменон	1 Хронік	22	19	179.2
13	1 Chronicles	1 Паралипоменон	1 Хронік	23	32	238.3
13	1 Chronicles	1 Паралипоменон	1 Хронік	24	31	195.2
13	1 Chronicles	1 Паралипоменон	1 Хронік	25	31	198.9
13	1 Chronicles	1 Паралипоменон	1 Хронік	26	32	262.8
13	1 Chronicles	1 Паралипоменон	1 Хронік	27	34	280.2
13	1 Chronicles	1 Паралипоменон	1 Хронік	28	21	225.9
13	1 Chronicles	1 Паралипоменон	1 Хронік	29	30	299.0
14	2 Chronicles	2 Паралипоменон	2 Хронік	1	17	150.5
14	2 Chronicles	2 Паралипоменон	2 Хронік	2	18	184.6
14	2 Chronicles	2 Паралипоменон	2 Хронік	3	17	140.2
14	2 Chronicles	2 Паралипоменон	2 Хронік	4	22	176.7
14	2 Chronicles	2 Паралипоменон	2 Хронік	5	14	139.2
14	2 Chronicles	2 Паралипоменон	2 Хронік	6	42	387.9
14	2 Chronicles	2 Паралипоменон	2 Хронік	7	22	219.0
14	2 Chronicles	2 Паралипоменон	2 Хронік	8	18	154.6
14	2 Chronicles	2 Паралипоменон	2 Хронік	9	31	259.6
14	2 Chronicles	2 Паралипоменон	2 Хронік	10	19	154.5
14	2 Chronicles	2 Паралипоменон	2 Хронік	11	23	167.0
14	2 Chronicles	2 Паралипоменон	2 Хронік	12	16	154.1
14	2 Chronicles	2 Паралипоменон	2 Хронік	13	22	204.7
14	2 Chronicles	2 Паралипоменон	2 Хронік	14	15	143.4
14	2 Chronicles	2 Паралипоменон	2 Хронік	15	19	152.4
14	2 Chronicles	2 Паралипоменон	2 Хронік	16	14	142.4
14	2 Chronicles	2 Паралипоменон	2 Хронік	17	19	151.5
14	2 Chronicles	2 Паралипоменон	2 Хронік	18	34	315.8
14	2 Chronicles	2 Паралипоменон	2 Хронік	19	11	112.7
14	2 Chronicles	2 Паралипоменон	2 Хронік	20	37	348.7
14	2 Chronicles	2 Паралипоменон	2 Хронік	21	20	194.9
14	2 Chronicles	2 Паралипоменон	2 Хронік	22	12	149.8
14	2 Chronicles	2 Паралипоменон	2 Хронік	23	21	221.9
14	2 Chronicles	2 Паралипоменон	2 Хронік	24	27	275.3
14	2 Chronicles	2 Паралипоменон	2 Хронік	25	28	280.1
14	2 Chronicles	2 Паралипоменон	2 Хронік	26	23	231.2
14	2 Chronicles	2 Паралипоменон	2 Хронік	27	9	77.4
14	2 Chronicles	2 Паралипоменон	2 Хронік	28	27	271.5
14	2 Chronicles	2 Паралипоменон	2 Хронік	29	36	353.8
14	2 Chronicles	2 Паралипоменон	2 Хронік	30	27	278.4
14	2 Chronicles	2 Паралипоменон	2 Хронік	31	21	238.4
14	2 Chronicles	2 Паралипоменон	2 Хронік	32	33	352.2
14	2 Chronicles	2 Паралипоменон	2 Хронік	33	25	237.9
14	2 Chronicles	2 Паралипоменон	2 Хронік	34	33	347.4
14	2 Chronicles	2 Паралипоменон	2 Хронік	35	27	285.8
14	2 Chronicles	2 Паралипоменон	2 Хронік	36	23	234.5
15	Ezra	Ездра	Ездри	1	11	111.6
15	Ezra	Ездра	Ездри	2	70	371.6
15	Ezra	Ездра	Ездри	3	13	157.4
15	Ezra	Ездра	Ездри	4	24	227.2
15	Ezra	Ездра	Ездри	5	17	169.0
15	Ezra	Ездра	Ездри	6	22	229.6
15	Ezra	Ездра	Ездри	7	28	239.4
15	Ezra	Ездра	Ездри	8	36	302.6
15	Ezra	Ездра	Ездри	9	15	193.7
15	Ezra	Ездра	Ездри	10	44	336.3
16	Nehemiah	Неемия	Неємії	1	11	113.1
16	Nehemiah	Неемия	Неємії	2	20	197.0
16	Nehemiah	Неемия	Неємії	3	32	290.1
16	Nehemiah	Неемия	Неємії	4	23	191.8
16	Nehemiah	Неемия	Неємії	5	19	190.1
16	Nehemiah	Неемия	Неємії	6	19	181.5
16	Nehemiah	Неемия	Неємії	7	73	421.8
16	Nehemiah	Неемия	Неємії	8	18	215.6
16	Nehemiah	Неемия	Неємії	9	38	418.7
16	Nehemiah	Неемия	Неємії	10	39	233.6
16	Nehemiah	Неемия	Неємії	11	36	257.6
16	Nehemiah	Неемия	Неємії	12	47	351.0
16	Nehemiah	Неемия	Неємії	13	31	302.1
17	Esther	Есфирь	Естер	1	22	215.5
17	Esther	Есфирь	Естер	2	23	241.4
17	Esther	Есфирь	Естер	3	15	164.2
17	Esther	Есфирь	Естер	4	17	164.3
17	Esther	Есфирь	Естер	5	14	142.3
17	Esther	Есфирь	Естер	6	14	140.7
17	Esther	Есфирь	Естер	7	10	110.9
17	Esther	Есфирь	Естер	8	17	195.2
17	Esther	Есфирь	Естер	9	32	295.8
17	Esther	Есфирь	Естер	10	3	32.3
18	Job	Иов	Іова	1	22	185.2
18	Job	Иов	Іова	2	13	116.1
18	Job	Иов	Іова	3	26	133.3
18	Job	Иов	Іова	4	21	111.3
18	Job	Иов	Іова	5	27	136.7
18	Job	Иов	Іова	6	30	149.4
18	Job	Иов	Іова	7	21	121.7
18	Job	Иов	Іова	8	22	109.4
18	Job	Иов	Іова	9	35	179.1
18	Job	Иов	Іова	10	22	119.5
18	Job	Иов	Іова	11	20	102.9
18	Job	Иов	Іова	12	25	127.9
18	Job	Иов	Іова	13	28	134.0
18	Job	Иов	Іова	14	22	128.1
18	Job	Иов	Іова	15	35	181.7
18	Job	Иов	Іова	16	22	118.9
18	Job	Иов	Іова	17	16	84.5
18	Job	Иов	Іова	18	21	100.7
18	Job	Иов	Іова	19	29	144.5
18	Job	Иов	Іова	20	29	150.3
18	Job	Иов	Іова	21	34	169.3
18	Job	Иов	Іова	22	30	141.3
18	Job	Иов	Іова	23	17	83.1
18	Job	Иов	Іова	24	25	152.8
18	Job	Иов	Іова	25	6	29.6
18	Job	Иов	Іова	26	14	68.6
18	Job	Иов	Іова	27	23	117.2
18	Job	Иов	Іова	28	28	147.9
18	Job	Иов	Іова	29	25	125.0
18	Job	Иов	Іова	30	31	170.1
18	Job	Иов	Іова	31	40	209.4
18	Job	Иов	Іова	32	22	125.4
18	Job	Иов	Іова	33	33	169.7
18	Job	Иов	Іова	34	37	196.7
18	Job	Иов	Іова	35	16	82.5
18	Job	Иов	Іова	36	33	167.6
18	Job	Иов	Іова	37	24	135.7
18	Job	Иов	Іова	38	41	195.2
18	Job	Иов	Іова	39	30	154.9
18	Job	Иов	Іова	40	24	119.9
18	Job	Иов	Іова	41	34	161.3
18	Job	Иов	Іова	42	17	139.5
19	Psalms	Псалтирь	Псалми	1	6	44.3
19	Psalms	Псалтирь	Псалми	2	12	65.7
19	Psalms	Псалтирь	Псалми	3	8	50.1
19	Psalms	Псалтирь	Псалми	4	8	60.9
19	Psalms	Псалтирь	Псалми	5	12	90.6
19	Psalms	Псалтирь	Псалми	6	10	64.1
19	Psalms	Псалтирь	Псалми	7	17	111.7
19	Psalms	Псалтирь	Псалми	8	9	57.4
19	Psalms	Псалтирь	Псалми	9	20	126.2
19	Psalms	Псалтирь	Псалми	10	18	122.1
19	Psalms	Псалтирь	Псалми	11	7	50.5
19	Psalms	Псалтирь	Псалми	12	8	55.6
19	Psalms	Псалтирь	Псалми	13	6	41.5
19	Psalms	Псалтирь	Псалми	14	7	57.5
19	Psalms	Псалтирь	Псалми	15	5	37.6
19	Psalms	Псалтирь	Псалми	16	11	74.3
19	Psalms	Псалтирь	Псалми	17	15	104.5
19	Psalms	Псалтирь	Псалми	18	50	305.5
19	Psalms	Псалтирь	Псалми	19	14	100.7
19	Psalms	Псалтирь	Псалми	20	9	59.6
19	Psalms	Псалтирь	Псалми	21	13	83.4
19	Psalms	Псалтирь	Псалми	22	31	197.8
19	Psalms	Псалтирь	Псалми	23	6	43.2
19	Psalms	Псалтирь	Псалми	24	10	65.0
19	Psalms	Псалтирь	Псалми	25	22	119.3
19	Psalms	Псалтирь	Псалми	26	12	63.2
19	Psalms	Псалтирь	Псалми	27	14	106.8
19	Psalms	Псалтирь	Псалми	28	9	68.3
19	Psalms	Псалтирь	Псалми	29	11	66.5
19	Psalms	Псалтирь	Псалми	30	12	76.8
19	Psalms	Псалтирь	Псалми	31	24	175.1
19	Psalms	Псалтирь	Псалми	32	11	88.2
19	Psalms	Псалтирь	Псалми	33	22	115.3
19	Psalms	Псалтирь	Псалми	34	22	122.2
19	Psalms	Псалтирь	Псалми	35	28	185.7
19	Psalms	Псалтирь	Псалми	36	12	82.7
19	Psalms	Псалтирь	Псалми	37	40	220.7
19	Psalms	Псалтирь	Псалми	38	22	116.5
19	Psalms	Псалтирь	Псалми	39	13	106.2
19	Psalms	Псалтирь	Псалми	40	17	135.6
19	Psalms	Псалтирь	Псалми	41	13	81.6
19	Psalms	Псалтирь	Псалми	42	11	94.2
19	Psalms	Псалтирь	Псалми	43	5	45.3
19	Psalms	Псалтирь	Псалми	44	26	150.7
19	Psalms	Псалтирь	Псалми	45	17	119.9
19	Psalms	Псалтирь	Псалми	46	11	82.1
19	Psalms	Псалтирь	Псалми	47	9	60.9
19	Psalms	Псалтирь	Псалми	48	14	88.4
19	Psalms	Псалтирь	Псалми	49	20	121.8
19	Psalms	Псалтирь	Псалми	50	23	135.0
19	Psalms	Псалтирь	Псалми	51	19	125.3
19	Psalms	Псалтирь	Псалми	52	9	75.3
19	Psalms	Псалтирь	Псалми	53	6	60.4
19	Psalms	Псалтирь	Псалми	54	7	50.8
19	Psalms	Псалтирь	Псалми	55	23	145.5
19	Psalms	Псалтирь	Псалми	56	13	86.4
19	Psalms	Псалтирь	Псалми	57	11	88.4
19	Psalms	Псалтирь	Псалми	58	11	73.7
19	Psalms	Псалтирь	Псалми	59	17	126.8
19	Psalms	Псалтирь	Псалми	60	12	86.7
19	Psalms	Псалтирь	Псалми	61	8	55.6
19	Psalms	Псалтирь	Псалми	62	12	93.4
19	Psalms	Псалтирь	Псалми	63	11	70.6
19	Psalms	Псалтирь	Псалми	64	10	64.7
19	Psalms	Псалтирь	Псалми	65	13	91.1
19	Psalms	Псалтирь	Псалми	66	20	122.0
19	Psalms	Псалтирь	Псалми	67	7	48.6
19	Psalms	Псалтирь	Псалми	68	35	245.0
19	Psalms	Псалтирь	Псалми	69	36	212.5
19	Psalms	Псалтирь	Псалми	70	5	42.5
19	Psalms	Псалтирь	Псалми	71	24	164.9
19	Psalms	Псалтирь	Псалми	72	20	133.3
19	Psalms	Псалтирь	Псалми	73	28	149.6
19	Psalms	Псалтирь	Псалми	74	23	141.3
19	Psalms	Псалтирь	Псалми	75	10	69.0
19	Psalms	Псалтирь	Псалми	76	12	76.7
19	Psalms	Псалтирь	Псалми	77	20	126.7
19	Psalms	Псалтирь	Псалми	78	72	391.5
19	Psalms	Псалтирь	Псалми	79	13	92.6
19	Psalms	Псалтирь	Псалми	80	19	117.2
19	Psalms	Псалтирь	Псалми	81	16	100.8
19	Psalms	Псалтирь	Псалми	82	8	49.9
19	Psalms	Псалтирь	Псалми	83	18	97.8
19	Psalms	Псалтирь	Псалми	84	12	90.7
19	Psalms	Псалтирь	Псалми	85	13	78.7
19	Psalms	Псалтирь	Псалми	86	17	106.3
19	Psalms	Псалтирь	Псалми	87	7	51.8
19	Psalms	Псалтирь	Псалми	88	18	116.0
19	Psalms	Псалтирь	Псалми	89	52	300.3
19	Psalms	Псалтирь	Псалми	90	17	105.5
19	Psalms	Псалтирь	Псалми	91	16	90.1
19	Psalms	Псалтирь	Псалми	92	15	85.0
19	Psalms	Псалтирь	Псалми	93	5	42.2
19	Psalms	Псалтирь	Псалми	94	23	122.7
19	Psalms	Псалтирь	Псалми	95	11	65.9
19	Psalms	Псалтирь	Псалми	96	13	84.7
19	Psalms	Псалтирь	Псалми	97	12	72.8
19	Psalms	Псалтирь	Псалми	98	9	60.2
19	Psalms	Псалтирь	Псалми	99	9	61.1
19	Psalms	Псалтирь	Псалми	100	5	35.3
19	Psalms	Псалтирь	Псалми	101	8	63.3
19	Psalms	Псалтирь	Псалми	102	28	161.3
19	Psalms	Псалтирь	Псалми	103	22	125.4
19	Psalms	Псалтирь	Псалми	104	35	195.9
19	Psalms	Псалтирь	Псалми	105	45	217.7
19	Psalms	Псалтирь	Псалми	106	48	260.9
19	Psalms	Псалтирь	Псалми	107	43	233.1
19	Psalms	Псалтирь	Псалми	108	13	80.9
19	Psalms	Псалтирь	Псалми	109	31	181.9
19	Psalms	Псалтирь	Псалми	110	7	49.2
19	Psalms	Псалтирь	Псалми	111	10	65.3
19	Psalms	Псалтирь	Псалми	112	10	66.5
19	Psalms	Псалтирь	Псалми	113	9	45.5
19	Psalms	Псалтирь	Псалми	114	8	40.5
19	Psalms	Псалтирь	Псалми	115	18	93.6
19	Psalms	Псалтирь	Псалми	116	19	95.3
19	Psalms	Псалтирь	Псалми	117	2	15.7
19	Psalms	Псалтирь	Псалми	118	29	158.3
19	Psalms	Псалтирь	Псалми	119	176	869.3
19	Psalms	Псалтирь	Псалми	120	7	39.0
19	Psalms	Псалтирь	Псалми	121	8	43.9
19	Psalms	Псалтирь	Псалми	122	9	51.5
19	Psalms	Псалтирь	Псалми	123	4	34.3
19	Psalms	Псалтирь	Псалми	124	8	44.0
19	Psalms	Псалтирь	Псалми	125	5	41.4
19	Psalms	Псалтирь	Псалми	126	6	41.6
19	Psalms	Псалтирь	Псалми	127	5	43.5
19	Psalms	Псалтирь	Псалми	128	6	40.6
19	Psalms	Псалтирь	Псалми	129	8	47.9
19	Psalms	Псалтирь	Псалми	130	8	48.9
19	Psalms	Псалтирь	Псалми	131	3	30.1
19	Psalms	Псалтирь	Псалми	132	18	102.1
19	Psalms	Псалтирь	Псалми	133	3	29.2
19	Psalms	Псалтирь	Псалми	134	3	20.8
19	Psalms	Псалтирь	Псалми	135	21	121.2
19	Psalms	Псалтирь	Псалми	136	26	147.0
19	Psalms	Псалтирь	Псалми	137	9	59.8
19	Psalms	Псалтирь	Псалми	138	8	64.7
19	Psalms	Псалтирь	Псалми	139	24	146.3
19	Psalms	Псалтирь	Псалми	140	13	91.8
19	Psalms	Псалтирь	Псалми	141	10	79.0
19	Psalms	Псалтирь	Псалми	142	7	56.1
19	Psalms	Псалтирь	Псалми	143	12	92.6
19	Psalms	Псалтирь	Псалми	144	15	108.0
19	Psalms	Псалтирь	Псалми	145	21	122.7
19	Psalms	Псалтирь	Псалми	146	10	64.6
19	Psalms	Псалтирь	Псалми	147	20	106.9
19	Psalms	Псалтирь	Псалми	148	14	75.9
19	Psalms	Псалтирь	Псалми	149	9	52.4
19	Psalms	Псалтирь	Псалми	150	6	32.8
20	Proverbs	Притчи	Приповісті	1	33	183.6
20	Proverbs	Притчи	Приповісті	2	22	105.2
20	Proverbs	Притчи	Приповісті	3	35	176.4
20	Proverbs	Притчи	Приповісті	4	27	145.0
20	Proverbs	Притчи	Приповісті	5	23	123.6
20	Proverbs	Притчи	Приповісті	6	35	185.2
20	Proverbs	Притчи	Приповісті	7	27	133.0
20	Proverbs	Притчи	Приповісті	8	36	188.2
20	Proverbs	Притчи	Приповісті	9	18	95.7
20	Proverbs	Притчи	Приповісті	10	32	183.9
20	Proverbs	Притчи	Приповісті	11	31	186.5
20	Proverbs	Притчи	Приповісті	12	28	164.4
20	Proverbs	Притчи	Приповісті	13	25	156.2
20	Proverbs	Притчи	Приповісті	14	35	207.8
20	Proverbs	Притчи	Приповісті	15	33	193.6
20	Proverbs	Притчи	Приповісті	16	33	198.2
20	Proverbs	Притчи	Приповісті	17	28	168.4
20	Proverbs	Притчи	Приповісті	18	24	141.8
20	Proverbs	Притчи	Приповісті	19	29	175.2
20	Proverbs	Притчи	Приповісті	20	30	176.3
20	Proverbs	Притчи	Приповісті	21	31	185.3
20	Proverbs	Притчи	Приповісті	22	29	180.6
20	Proverbs	Притчи	Приповісті	23	35	219.9
20	Proverbs	Притчи	Приповісті	24	34	219.4
20	Proverbs	Притчи	Приповісті	25	28	172.3
20	Proverbs	Притчи	Приповісті	26	28	162.5
20	Proverbs	Притчи	Приповісті	27	27	162.7
20	Proverbs	Притчи	Приповісті	28	28	183.7
20	Proverbs	Притчи	Приповісті	29	27	161.0
20	Proverbs	Притчи	Приповісті	30	33	219.2
20	Proverbs	Притчи	Приповісті	31	31	161.2
21	Ecclesiastes	Екклесиаст	Екклезіаст	1	18	131.4
21	Ecclesiastes	Екклесиаст	Екклезіаст	2	26	225.3
21	Ecclesiastes	Екклесиаст	Екклезіаст	3	22	158.0
21	Ecclesiastes	Екклесиаст	Екклезіаст	4	16	123.9
21	Ecclesiastes	Екклесиаст	Екклезіаст	5	20	169.2
21	Ecclesiastes	Екклесиаст	Екклезіаст	6	12	102.4
21	Ecclesiastes	Екклесиаст	Екклезіаст	7	29	202.7
21	Ecclesiastes	Екклесиаст	Екклезіаст	8	17	153.5
21	Ecclesiastes	Екклесиаст	Екклезіаст	9	18	165.6
21	Ecclesiastes	Екклесиаст	Екклезіаст	10	20	128.3
21	Ecclesiastes	Екклесиаст	Екклезіаст	11	10	84.1
21	Ecclesiastes	Екклесиаст	Екклезіаст	12	14	118.3
22	Song of Solomon	Песни Песней	Пісня над Піснями	1	17	135.1
22	Song of Solomon	Песни Песней	Пісня над Піснями	2	17	133.4
22	Song of Solomon	Песни Песней	Пісня над Піснями	3	11	90.3
22	Song of Solomon	Песни Песней	Пісня над Піснями	4	16	145.9
22	Song of Solomon	Песни Песней	Пісня над Піснями	5	16	145.5
22	Song of Solomon	Песни Песней	Пісня над Піснями	6	13	113.3
22	Song of Solomon	Песни Песней	Пісня над Піснями	7	13	104.5
22	Song of Solomon	Песни Песней	Пісня над Піснями	8	14	131.2
23	Isaiah	Исаия	Ісаї	1	31	275.6
23	Isaiah	Исаия	Ісаї	2	22	174.6
23	Isaiah	Исаия	Ісаї	3	26	181.8
23	Isaiah	Исаия	Ісаї	4	6	59.9
23	Isaiah	Исаия	Ісаї	5	30	274.2
23	Isaiah	Исаия	Ісаї	6	13	126.1
23	Isaiah	Исаия	Ісаї	7	25	208.2
23	Isaiah	Исаия	Ісаї	8	22	181.9
23	Isaiah	Исаия	Ісаї	9	21	203.2
23	Isaiah	Исаия	Ісаї	10	34	285.0
23	Isaiah	Исаия	Ісаї	11	16	151.8
23	Isaiah	Исаия	Ісаї	12	6	49.1
23	Isaiah	Исаия	Ісаї	13	22	182.3
23	Isaiah	Исаия	Ісаї	14	32	271.7
23	Isaiah	Исаия	Ісаї	15	9	86.0
23	Isaiah	Исаия	Ісаї	16	14	135.1
23	Isaiah	Исаия	Ісаї	17	14	124.5
23	Isaiah	Исаия	Ісаї	18	7	76.8
23	Isaiah	Исаия	Ісаї	19	25	217.6
23	Isaiah	Исаия	Ісаї	20	6	58.1
23	Isaiah	Исаия	Ісаї	21	17	147.5
23	Isaiah	Исаия	Ісаї	22	25	198.9
23	Isaiah	Исаия	Ісаї	23	18	152.2
23	Isaiah	Исаия	Ісаї	24	23	182.7
23	Isaiah	Исаия	Ісаї	25	12	118.1
23	Isaiah	Исаия	Ісаї	26	21	176.0
23	Isaiah	Исаия	Ісаї	27	13	123.0
23	Isaiah	Исаия	Ісаї	28	29	268.8
23	Isaiah	Исаия	Ісаї	29	24	215.9
23	Isaiah	Исаия	Ісаї	30	33	314.8
23	Isaiah	Исаия	Ісаї	31	9	106.1
23	Isaiah	Исаия	Ісаї	32	20	151.7
23	Isaiah	Исаия	Ісаї	33	24	209.9
23	Isaiah	Исаия	Ісаї	34	17	166.3
23	Isaiah	Исаия	Ісаї	35	10	90.5
23	Isaiah	Исаия	Ісаї	36	22	210.1
23	Isaiah	Исаия	Ісаї	37	38	346.5
23	Isaiah	Исаия	Ісаї	38	22	189.9
23	Isaiah	Исаия	Ісаї	39	8	85.4
23	Isaiah	Исаия	Ісаї	40	31	263.5
23	Isaiah	Исаия	Ісаї	41	29	255.0
23	Isaiah	Исаия	Ісаї	42	25	221.2
23	Isaiah	Исаия	Ісаї	43	28	232.5
23	Isaiah	Исаия	Ісаї	44	28	299.5
23	Isaiah	Исаия	Ісаї	45	25	255.8
23	Isaiah	Исаия	Ісаї	46	13	117.2
23	Isaiah	Исаия	Ісаї	47	15	154.2
23	Isaiah	Исаия	Ісаї	48	22	203.4
23	Isaiah	Исаия	Ісаї	49	26	261.4
23	Isaiah	Исаия	Ісаї	50	11	121.3
23	Isaiah	Исаия	Ісаї	51	23	240.5
23	Isaiah	Исаия	Ісаї	52	15	144.8
23	Isaiah	Исаия	Ісаї	53	12	133.5
23	Isaiah	Исаия	Ісаї	54	17	164.4
23	Isaiah	Исаия	Ісаї	55	13	123.4
23	Isaiah	Исаия	Ісаї	56	12	117.0
23	Isaiah	Исаия	Ісаї	57	21	184.6
23	Isaiah	Исаия	Ісаї	58	14	159.8
23	Isaiah	Исаия	Ісаї	59	21	202.7
23	Isaiah	Исаия	Ісаї	60	22	208.0
23	Isaiah	Исаия	Ісаї	61	11	125.5
23	Isaiah	Исаия	Ісаї	62	12	117.6
23	Isaiah	Исаия	Ісаї	63	19	174.7
23	Isaiah	Исаия	Ісаї	64	12	105.5
23	Isaiah	Исаия	Ісаї	65	25	243.7
23	Isaiah	Исаия	Ісаї	66	24	256.4
24	Jeremiah	Иеремия	Єремії	1	19	161.5
24	Jeremiah	Иеремия	Єремії	2	37	345.1
24	Jeremiah	Иеремия	Єремії	3	25	255.2
24	Jeremiah	Иеремия	Єремії	4	31	289.1
24	Jeremiah	Иеремия	Єремії	5	31	276.0
24	Jeremiah	Иеремия	Єремії	6	30	277.6
24	Jeremiah	Иеремия	Єремії	7	34	286.8
24	Jeremiah	Иеремия	Єремії	8	22	232.8
24	Jeremiah	Иеремия	Єремії	9	26	253.6
24	Jeremiah	Иеремия	Єремії	10	25	213.3
24	Jeremiah	Иеремия	Єремії	11	23	219.7
24	Jeremiah	Иеремия	Єремії	12	17	164.2
24	Jeremiah	Иеремия	Єремії	13	27	222.4
24	Jeremiah	Иеремия	Єремії	14	22	219.8
24	Jeremiah	Иеремия	Єремії	15	21	206.8
24	Jeremiah	Иеремия	Єремії	16	21	204.0
24	Jeremiah	Иеремия	Єремії	17	27	263.3
24	Jeremiah	Иеремия	Єремії	18	23	196.9
24	Jeremiah	Иеремия	Єремії	19	15	162.7
24	Jeremiah	Иеремия	Єремії	20	18	178.4
24	Jeremiah	Иеремия	Єремії	21	14	145.5
24	Jeremiah	Иеремия	Єремії	22	30	272.1
24	Jeremiah	Иеремия	Єремії	23	40	367.6
24	Jeremiah	Иеремия	Єремії	24	10	99.9
24	Jeremiah	Иеремия	Єремії	25	38	348.6
24	Jeremiah	Иеремия	Єремії	26	24	224.9
24	Jeremiah	Иеремия	Єремії	27	22	216.0
24	Jeremiah	Иеремия	Єремії	28	17	162.5
24	Jeremiah	Иеремия	Єремії	29	32	302.5
24	Jeremiah	Иеремия	Єремії	30	24	215.9
24	Jeremiah	Иеремия	Єремії	31	40	383.3
24	Jeremiah	Иеремия	Єремії	32	44	419.9
24	Jeremiah	Иеремия	Єремії	33	26	248.8
24	Jeremiah	Иеремия	Єремії	34	22	231.6
24	Jeremiah	Иеремия	Єремії	35	19	198.4
24	Jeremiah	Иеремия	Єремії	36	32	306.6
24	Jeremiah	Иеремия	Єремії	37	21	183.1
24	Jeremiah	Иеремия	Єремії	38	28	279.6
24	Jeremiah	Иеремия	Єремії	39	18	162.1
24	Jeremiah	Иеремия	Єремії	40	16	194.3
24	Jeremiah	Иеремия	Єремії	41	18	177.2
24	Jeremiah	Иеремия	Єремії	42	22	193.9
24	Jeremiah	Иеремия	Єремії	43	13	129.4
24	Jeremiah	Иеремия	Єремії	44	30	346.7
24	Jeremiah	Иеремия	Єремії	45	5	47.4
24	Jeremiah	Иеремия	Єремії	46	28	267.0
24	Jeremiah	Иеремия	Єремії	47	7	71.1
24	Jeremiah	Иеремия	Єремії	48	47	404.0
24	Jeremiah	Иеремия	Єремії	49	39	385.5
24	Jeremiah	Иеремия	Єремії	50	46	467.4
24	Jeremiah	Иеремия	Єремії	51	64	590.6
24	Jeremiah	Иеремия	Єремії	52	34	299.9
25	Lamentations	Плач Иеремии	Плач Єремії	1	22	274.3
25	Lamentations	Плач Иеремии	Плач Єремії	2	22	283.8
25	Lamentations	Плач Иеремии	Плач Єремії	3	66	280.7
25	Lamentations	Плач Иеремии	Плач Єремії	4	22	193.8
25	Lamentations	Плач Иеремии	Плач Єремії	5	22	106.1
26	Ezekiel	Иезекииль	Єзекіїла	1	28	255.8
26	Ezekiel	Иезекииль	Єзекіїла	2	10	84.9
26	Ezekiel	Иезекииль	Єзекіїла	3	27	241.5
26	Ezekiel	Иезекииль	Єзекіїла	4	17	156.4
26	Ezekiel	Иезекииль	Єзекіїла	5	17	186.5
26	Ezekiel	Иезекииль	Єзекіїла	6	14	144.0
26	Ezekiel	Иезекииль	Єзекіїла	7	27	250.8
26	Ezekiel	Иезекииль	Єзекіїла	8	18	183.8
26	Ezekiel	Иезекииль	Єзекіїла	9	11	119.2
26	Ezekiel	Иезекииль	Єзекіїла	10	22	185.1
26	Ezekiel	Иезекииль	Єзекіїла	11	25	217.3
26	Ezekiel	Иезекииль	Єзекіїла	12	28	239.6
26	Ezekiel	Иезекииль	Єзекіїла	13	23	232.2
26	Ezekiel	Иезекииль	Єзекіїла	14	23	233.8
26	Ezekiel	Иезекииль	Єзекіїла	15	8	64.1
26	Ezekiel	Иезекииль	Єзекіїла	16	63	554.0
26	Ezekiel	Иезекииль	Єзекіїла	17	24	234.0
26	Ezekiel	Иезекииль	Єзекіїла	18	32	292.2
26	Ezekiel	Иезекииль	Єзекіїла	19	14	116.1
26	Ezekiel	Иезекииль	Єзекіїла	20	49	470.4
26	Ezekiel	Иезекииль	Єзекіїла	21	32	282.7
26	Ezekiel	Иезекииль	Єзекіїла	22	31	256.8
26	Ezekiel	Иезекииль	Єзекіїла	23	49	409.9
26	Ezekiel	Иезекииль	Єзекіїла	24	27	223.8
26	Ezekiel	Иезекииль	Єзекіїла	25	17	158.2
26	Ezekiel	Иезекииль	Єзекіїла	26	21	198.1
26	Ezekiel	Иезекииль	Єзекіїла	27	36	259.1
26	Ezekiel	Иезекииль	Єзекіїла	28	26	232.1
26	Ezekiel	Иезекииль	Єзекіїла	29	21	199.7
26	Ezekiel	Иезекииль	Єзекіїла	30	26	228.4
26	Ezekiel	Иезекииль	Єзекіїла	31	18	194.4
26	Ezekiel	Иезекииль	Єзекіїла	32	32	324.7
26	Ezekiel	Иезекииль	Єзекіїла	33	33	321.2
26	Ezekiel	Иезекииль	Єзекіїла	34	31	268.3
26	Ezekiel	Иезекииль	Єзекіїла	35	15	126.9
26	Ezekiel	Иезекииль	Єзекіїла	36	38	359.9
26	Ezekiel	Иезекииль	Єзекіїла	37	28	277.9
26	Ezekiel	Иезекииль	Єзекіїла	38	23	236.8
26	Ezekiel	Иезекииль	Єзекіїла	39	29	269.1
26	Ezekiel	Иезекииль	Єзекіїла	40	49	438.2
26	Ezekiel	Иезекииль	Єзекіїла	41	26	264.5
26	Ezekiel	Иезекииль	Єзекіїла	42	20	174.4
26	Ezekiel	Иезекииль	Єзекіїла	43	27	272.3
26	Ezekiel	Иезекииль	Єзекіїла	44	31	311.2
26	Ezekiel	Иезекииль	Єзекіїла	45	25	273.5
26	Ezekiel	Иезекииль	Єзекіїла	46	24	258.6
26	Ezekiel	Иезекииль	Єзекіїла	47	23	221.5
26	Ezekiel	Иезекииль	Єзекіїла	48	35	317.1
27	Daniel	Даниил	Даниїла	1	21	185.4
27	Daniel	Даниил	Даниїла	2	49	465.9
27	Daniel	Даниил	Даниїла	3	30	312.6
27	Daniel	Даниил	Даниїла	4	37	399.2
27	Daniel	Даниил	Даниїла	5	31	312.3
27	Daniel	Даниил	Даниїла	6	28	277.6
27	Daniel	Даниил	Даниїла	7	28	302.6
27	Daniel	Даниил	Даниїла	8	27	259.1
27	Daniel	Даниил	Даниїла	9	27	298.9
27	Daniel	Даниил	Даниїла	10	21	188.5
27	Daniel	Даниил	Даниїла	11	45	419.7
27	Daniel	Даниил	Даниїла	12	13	123.8
28	Hosea	Осия	Осії	1	11	111.2
28	Hosea	Осия	Осії	2	23	208.6
28	Hosea	Осия	Осії	3	5	49.3
28	Hosea	Осия	Осії	4	19	162.1
28	Hosea	Осия	Осії	5	15	127.6
28	Hosea	Осия	Осії	6	11	87.8
28	Hosea	Осия	Осії	7	16	131.9
28	Hosea	Осия	Осії	8	14	114.4
28	Hosea	Осия	Осії	9	17	161.1
28	Hosea	Осия	Осії	10	15	148.8
28	Hosea	Осия	Осії	11	12	102.8
28	Hosea	Осия	Осії	12	14	109.9
28	Hosea	Осия	Осії	13	16	140.7
28	Hosea	Осия	Осії	14	9	81.4
29	Joel	Иоиль	Йоіла	1	20	169.2
29	Joel	Иоиль	Йоіла	2	32	292.8
29	Joel	Иоиль	Йоіла	3	21	176.8
30	Amos	Амос	Амоса	1	15	145.4
30	Amos	Амос	Амоса	2	16	133.3
30	Amos	Амос	Амоса	3	15	119.6
30	Amos	Амос	Амоса	4	13	129.7
30	Amos	Амос	Амоса	5	27	205.1
30	Amos	Амос	Амоса	6	14	118.1
30	Amos	Амос	Амоса	7	17	144.9
30	Amos	Амос	Амоса	8	14	132.5
30	Amos	Амос	Амоса	9	15	164.2
31	Obadiah	Авдий	Авдія	1	21	208.0
32	Jonah	Иона	Йони	1	17	153.0
32	Jonah	Иона	Йони	2	10	70.5
32	Jonah	Иона	Йони	3	10	84.0
32	Jonah	Иона	Йони	4	11	98.2
33	Micah	Михей	Міхея	1	16	151.2
33	Micah	Михей	Міхея	2	13	124.6
33	Micah	Михей	Міхея	3	12	111.3
33	Micah	Михей	Міхея	4	13	139.6
33	Micah	Михей	Міхея	5	15	129.8
33	Micah	Михей	Міхея	6	16	148.7
33	Micah	Михей	Міхея	7	20	192.1
34	Nahum	Наум	Наума	1	15	138.9
34	Nahum	Наум	Наума	2	13	123.0
34	Nahum	Наум	Наума	3	19	168.2
35	Habakkuk	Аввакум	Авакума	1	17	155.4
35	Habakkuk	Аввакум	Авакума	2	20	188.5
35	Habakkuk	Аввакум	Авакума	3	19	166.3
36	Zephaniah	Софония	Софонії	1	18	172.8
36	Zephaniah	Софония	Софонії	2	15	152.8
36	Zephaniah	Софония	Софонії	3	20	193.6
37	Haggai	Аггей	Аггея	1	15	139.6
37	Haggai	Аггей	Аггея	2	23	203.9
38	Zechariah	Захария	Захарії	1	21	187.3
38	Zechariah	Захария	Захарії	2	13	94.8
38	Zechariah	Захария	Захарії	3	10	97.4
38	Zechariah	Захария	Захарії	4	14	100.2
38	Zechariah	Захария	Захарії	5	11	91.9
38	Zechariah	Захария	Захарії	6	15	125.3
38	Zechariah	Захария	Захарії	7	14	115.4
38	Zechariah	Захария	Захарії	8	23	207.1
38	Zechariah	Захария	Захарії	9	17	168.7
38	Zechariah	Захария	Захарії	10	12	117.0
38	Zechariah	Захария	Захарії	11	17	154.6
38	Zechariah	Захария	Захарії	12	14	134.3
38	Zechariah	Захария	Захарії	13	9	93.8
38	Zechariah	Захария	Захарії	14	21	202.8
39	Malachi	Малахия	Малахії	1	14	158.4
39	Malachi	Малахия	Малахії	2	17	172.6
39	Malachi	Малахия	Малахії	3	18	170.6
39	Malachi	Малахия	Малахії	4	6	55.3
40	Matthew	Евангелие от Матфея	Євангелія від Матвія	1	25	214.9
40	Matthew	Евангелие от Матфея	Євангелія від Матвія	2	23	201.2
40	Matthew	Евангелие от Матфея	Євангелія від Матвія	3	17	147.9
40	Matthew	Евангелие от Матфея	Євангелія від Матвія	4	25	194.5
40	Matthew	Евангелие от Матфея	Євангелія від Матвія	5	48	352.5
40	Matthew	Евангелие от Матфея	Євангелія від Матвія	6	34	261.7
40	Matthew	Евангелие от Матфея	Євангелія від Матвія	7	29	202.9
40	Matthew	Евангелие от Матфея	Євангелія від Матвія	8	34	247.7
40	Matthew	Евангелие от Матфея	Євангелія від Матвія	9	38	285.2
40	Matthew	Евангелие от Матфея	Євангелія від Матвія	10	42	306.4
40	Matthew	Евангелие от Матфея	Євангелія від Матвія	11	30	224.4
40	Matthew	Евангелие от Матфея	Євангелія від Матвія	12	50	370.6
40	Matthew	Евангелие от Матфея	Євангелія від Матвія	13	58	433.3
40	Matthew	Евангелие от Матфея	Євангелія від Матвія	14	36	227.7
40	Matthew	Евангелие от Матфея	Євангелія від Матвія	15	39	255.5
40	Matthew	Евангелие от Матфея	Євангелія від Матвія	16	28	223.1
40	Matthew	Евангелие от Матфея	Євангелія від Матвія	17	26	212.1
40	Matthew	Евангелие от Матфея	Євангелія від Матвія	18	34	258.4
40	Matthew	Евангелие от Матфея	Євангелія від Матвія	19	30	246.4
40	Matthew	Евангелие от Матфея	Євангелія від Матвія	20	34	240.9
40	Matthew	Евангелие от Матфея	Євангелія від Матвія	21	46	366.2
40	Matthew	Евангелие от Матфея	Євангелія від Матвія	22	46	270.7
40	Matthew	Евангелие от Матфея	Євангелія від Матвія	23	38	281.0
40	Matthew	Евангелие от Матфея	Євангелія від Матвія	24	51	357.1
40	Matthew	Евангелие от Матфея	Євангелія від Матвія	25	46	331.7
40	Matthew	Евангелие от Матфея	Євангелія від Матвія	26	75	533.5
40	Matthew	Евангелие от Матфея	Євангелія від Матвія	27	66	447.6
40	Matthew	Евангелие от Матфея	Євангелія від Матвія	28	20	138.4
41	Mark	Евангелие от Марка	Євангелія від Марка	1	45	318.7
41	Mark	Евангелие от Марка	Євангелія від Марка	2	28	226.0
41	Mark	Евангелие от Марка	Євангелія від Марка	3	35	224.9
41	Mark	Евангелие от Марка	Євангелія від Марка	4	41	286.3
41	Mark	Евангелие от Марка	Євангелія від Марка	5	43	292.9
41	Mark	Евангелие от Марка	Євангелія від Марка	6	56	402.2
41	Mark	Евангелие от Марка	Євангелія від Марка	7	36	272.0
41	Mark	Евангелие от Марка	Євангелія від Марка	8	38	286.5
41	Mark	Евангелие от Марка	Євангелія від Марка	9	48	355.5
41	Mark	Евангелие от Марка	Євангелія від Марка	10	52	379.7
41	Mark	Евангелие от Марка	Євангелія від Марка	11	32	232.5
41	Mark	Евангелие от Марка	Євангелія від Марка	12	44	328.1
41	Mark	Евангелие от Марка	Євангелія від Марка	13	37	263.1
41	Mark	Евангелие от Марка	Євангелія від Марка	14	72	515.5
41	Mark	Евангелие от Марка	Євангелія від Марка	15	46	309.7
41	Mark	Евангелие от Марка	Євангелія від Марка	16	20	145.0
42	Luke	Евангелие от Луки	Євангелія від Луки	1	80	493.2
42	Luke	Евангелие от Луки	Євангелія від Луки	2	52	337.0
42	Luke	Евангелие от Луки	Євангелія від Луки	3	38	285.3
42	Luke	Евангелие от Луки	Євангелія від Луки	4	44	319.5
42	Luke	Евангелие от Луки	Євангелія від Луки	5	39	312.9
42	Luke	Евангелие от Луки	Євангелія від Луки	6	49	382.9
42	Luke	Евангелие от Луки	Євангелія від Луки	7	50	388.6
42	Luke	Евангелие от Луки	Євангелія від Луки	8	56	474.0
42	Luke	Евангелие от Луки	Євангелія від Луки	9	62	484.8
42	Luke	Евангелие от Луки	Євангелія від Луки	10	42	340.1
42	Luke	Евангелие от Луки	Євангелія від Луки	11	54	439.4
42	Luke	Евангелие от Луки	Євангелія від Луки	12	59	459.1
42	Luke	Евангелие от Луки	Євангелія від Луки	13	35	278.8
42	Luke	Евангелие от Луки	Євангелія від Луки	14	35	263.7
42	Luke	Евангелие от Луки	Євангелія від Луки	15	32	246.8
42	Luke	Евангелие от Луки	Євангелія від Луки	16	31	264.9
42	Luke	Евангелие от Луки	Євангелія від Луки	17	36	257.3
42	Luke	Евангелие от Луки	Євангелія від Луки	18	43	309.6
42	Luke	Евангелие от Луки	Євангелія від Луки	19	48	332.9
42	Luke	Евангелие от Луки	Євангелія від Луки	20	47	340.1
42	Luke	Евангелие от Луки	Євангелія від Луки	21	38	271.9
42	Luke	Евангелие от Луки	Євангелія від Луки	22	71	477.0
42	Luke	Евангелие от Луки	Євангелія від Луки	23	55	386.5
42	Luke	Евангелие от Луки	Євангелія від Луки	24	53	344.0
43	John	Евангелие от Иоанна	Євангелія від Йоана	1	51	362.4
43	John	Евангелие от Иоанна	Євангелія від Йоана	2	25	178.7
43	John	Евангелие от Иоанна	Євангелія від Йоана	3	36	270.2
43	John	Евангелие от Иоанна	Євангелія від Йоана	4	54	384.7
43	John	Евангелие от Иоанна	Євангелія від Йоана	5	46	345.2
43	John	Евангелие от Иоанна	Євангелія від Йоана	6	71	500.8
43	John	Евангелие от Иоанна	Євангелія від Йоана	7	53	350.8
43	John	Евангелие от Иоанна	Євангелія від Йоана	8	59	422.8
43	John	Евангелие от Иоанна	Євангелія від Йоана	9	41	270.1
43	John	Евангелие от Иоанна	Євангелія від Йоана	10	42	269.6
43	John	Евангелие от Иоанна	Євангелія від Йоана	11	57	384.0
43	John	Евангелие от Иоанна	Євангелія від Йоана	12	50	379.0
43	John	Евангелие от Иоанна	Євангелія від Йоана	13	38	286.8
43	John	Евангелие от Иоанна	Євангелія від Йоана	14	31	246.0
43	John	Евангелие от Иоанна	Євангелія від Йоана	15	27	208.1
43	John	Евангелие от Иоанна	Євангелія від Йоана	16	33	258.6
43	John	Евангелие от Иоанна	Євангелія від Йоана	17	26	205.4
43	John	Евангелие от Иоанна	Євангелія від Йоана	18	40	314.1
43	John	Евангелие от Иоанна	Євангелія від Йоана	19	42	350.6
43	John	Евангелие от Иоанна	Євангелія від Йоана	20	31	249.9
43	John	Евангелие от Иоанна	Євангелія від Йоана	21	25	236.9
44	Acts	Деяния апостолов	Діяння апостолів	1	26	210.9
44	Acts	Деяния апостолов	Діяння апостолів	2	47	341.2
44	Acts	Деяния апостолов	Діяння апостолів	3	26	196.9
44	Acts	Деяния апостолов	Діяння апостолів	4	37	266.3
44	Acts	Деяния апостолов	Діяння апостолів	5	42	327.6
44	Acts	Деяния апостолов	Діяння апостолів	6	15	128.0
44	Acts	Деяния апостолов	Діяння апостолів	7	60	445.8
44	Acts	Деяния апостолов	Діяння апостолів	8	39	267.0
44	Acts	Деяния апостолов	Діяння апостолів	9	43	339.5
44	Acts	Деяния апостолов	Діяння апостолів	10	48	342.1
44	Acts	Деяния апостолов	Діяння апостолів	11	30	205.5
44	Acts	Деяния апостолов	Діяння апостолів	12	25	208.7
44	Acts	Деяния апостолов	Діяння апостолів	13	52	408.8
44	Acts	Деяния апостолов	Діяння апостолів	14	28	218.9
44	Acts	Деяния апостолов	Діяння апостолів	15	40	296.3
44	Acts	Деяния апостолов	Діяння апостолів	16	40	310.3
44	Acts	Деяния апостолов	Діяння апостолів	17	34	292.4
44	Acts	Деяния апостолов	Діяння апостолів	18	28	225.5
44	Acts	Деяния апостолов	Діяння апостолів	19	41	321.3
44	Acts	Деяния апостолов	Діяння апостолів	20	38	273.8
44	Acts	Деяния апостолов	Діяння апостолів	21	40	338.9
44	Acts	Деяния апостолов	Діяння апостолів	22	30	245.5
44	Acts	Деяния апостолов	Діяння апостолів	23	35	285.7
44	Acts	Деяния апостолов	Діяння апостолів	24	26	203.5
44	Acts	Деяния апостолов	Діяння апостолів	25	27	227.7
44	Acts	Деяния апостолов	Діяння апостолів	26	32	260.5
44	Acts	Деяния апостолов	Діяння апостолів	27	44	331.8
44	Acts	Деяния апостолов	Діяння апостолів	28	30	246.2
45	James	Иакова	Послання Якова	1	27	194.2
45	James	Иакова	Послання Якова	2	26	181.8
45	James	Иакова	Послання Якова	3	18	136.4
45	James	Иакова	Послання Якова	4	17	131.5
45	James	Иакова	Послання Якова	5	20	151.0
46	1 Peter	1 Петра	1 Петра	1	25	201.5
46	1 Peter	1 Петра	1 Петра	2	25	196.5
46	1 Peter	1 Петра	1 Петра	3	22	171.8
46	1 Peter	1 Петра	1 Петра	4	19	148.2
46	1 Peter	1 Петра	1 Петра	5	14	103.9
47	2 Peter	2 Петра	2 Петра	1	21	171.6
47	2 Peter	2 Петра	2 Петра	2	22	207.7
47	2 Peter	2 Петра	2 Петра	3	18	156.5
48	1 John	1 Иоанна	1 Йоана	1	10	80.2
48	1 John	1 Иоанна	1 Йоана	2	29	235.7
48	1 John	1 Иоанна	1 Йоана	3	24	188.4
48	1 John	1 Иоанна	1 Йоана	4	21	164.6
48	1 John	1 Иоанна	1 Йоана	5	21	161.2
49	2 John	2 Иоанна	2 Йоана	1	13	95.1
50	3 John	3 Иоанна	3 Йоана	1	14	104.8
51	Jude	Иуды	Послання Юди	1	25	219.4
52	Romans	Римлянам	Послання до римлян	1	32	273.8
52	Romans	Римлянам	Послання до римлян	2	29	226.1
52	Romans	Римлянам	Послання до римлян	3	31	216.8
52	Romans	Римлянам	Послання до римлян	4	25	209.2
52	Romans	Римлянам	Послання до римлян	5	21	200.6
52	Romans	Римлянам	Послання до римлян	6	23	181.1
52	Romans	Римлянам	Послання до римлян	7	25	212.5
52	Romans	Римлянам	Послання до римлян	8	39	300.2
52	Romans	Римлянам	Послання до римлян	9	33	241.6
52	Romans	Римлянам	Послання до римлян	10	21	163.4
52	Romans	Римлянам	Послання до римлян	11	36	277.8
52	Romans	Римлянам	Послання до римлян	12	21	150.8
52	Romans	Римлянам	Послання до римлян	13	14	133.2
52	Romans	Римлянам	Послання до римлян	14	23	178.6
52	Romans	Римлянам	Послання до римлян	15	33	238.3
52	Romans	Римлянам	Послання до римлян	16	26	177.4
53	1 Corinthians	1 Коринфянам	1 Коринтян	1	31	230.0
53	1 Corinthians	1 Коринфянам	1 Коринтян	2	16	127.6
53	1 Corinthians	1 Коринфянам	1 Коринтян	3	23	163.2
53	1 Corinthians	1 Коринфянам	1 Коринтян	4	21	178.8
53	1 Corinthians	1 Коринфянам	1 Коринтян	5	13	113.2
53	1 Corinthians	1 Коринфянам	1 Коринтян	6	20	165.7
53	1 Corinthians	1 Коринфянам	1 Коринтян	7	40	325.5
53	1 Corinthians	1 Коринфянам	1 Коринтян	8	13	110.9
53	1 Corinthians	1 Коринфянам	1 Коринтян	9	27	232.4
53	1 Corinthians	1 Коринфянам	1 Коринтян	10	33	233.1
53	1 Corinthians	1 Коринфянам	1 Коринтян	11	34	242.9
53	1 Corinthians	1 Коринфянам	1 Коринтян	12	31	217.1
53	1 Corinthians	1 Коринфянам	1 Коринтян	13	13	105.5
53	1 Corinthians	1 Коринфянам	1 Коринтян	14	40	296.3
53	1 Corinthians	1 Коринфянам	1 Коринтян	15	58	399.7
53	1 Corinthians	1 Коринфянам	1 Коринтян	16	24	147.1
54	2 Corinthians	2 Коринфянам	2 Коринтян	1	24	203.4
54	2 Corinthians	2 Коринфянам	2 Коринтян	2	17	122.0
54	2 Corinthians	2 Коринфянам	2 Коринтян	3	18	133.2
54	2 Corinthians	2 Коринфянам	2 Коринтян	4	18	144.9
54	2 Corinthians	2 Коринфянам	2 Коринтян	5	21	160.3
54	2 Corinthians	2 Коринфянам	2 Коринтян	6	18	135.2
54	2 Corinthians	2 Коринфянам	2 Коринтян	7	16	160.1
54	2 Corinthians	2 Коринфянам	2 Коринтян	8	24	182.2
54	2 Corinthians	2 Коринфянам	2 Коринтян	9	15	129.9
54	2 Corinthians	2 Коринфянам	2 Коринтян	10	18	144.7
54	2 Corinthians	2 Коринфянам	2 Коринтян	11	33	243.6
54	2 Corinthians	2 Коринфянам	2 Коринтян	12	21	189.6
54	2 Corinthians	2 Коринфянам	2 Коринтян	13	14	108.0
55	Galatians	Галатам	Послання до галатів	1	24	165.5
55	Galatians	Галатам	Послання до галатів	2	21	198.3
55	Galatians	Галатам	Послання до галатів	3	29	230.2
55	Galatians	Галатам	Послання до галатів	4	31	218.3
55	Galatians	Галатам	Послання до галатів	5	26	171.8
55	Galatians	Галатам	Послання до галатів	6	18	123.8
56	Ephesians	Ефесянам	Послання до ефесян	1	23	156.1
56	Ephesians	Ефесянам	Послання до ефесян	2	22	159.2
56	Ephesians	Ефесянам	Послання до ефесян	3	21	139.8
56	Ephesians	Ефесянам	Послання до ефесян	4	32	201.9
56	Ephesians	Ефесянам	Послання до ефесян	5	33	189.5
56	Ephesians	Ефесянам	Послання до ефесян	6	24	156.3
57	Philippians	Филиппийцам	Послання до філіппійців	1	30	220.8
57	Philippians	Филиппийцам	Послання до філіппійців	2	30	197.7
57	Philippians	Филиппийцам	Послання до філіппійців	3	21	165.8
57	Philippians	Филиппийцам	Послання до філіппійців	4	23	160.4
58	Colossians	Колоссянам	Послання до колосян	1	29	219.0
58	Colossians	Колоссянам	Послання до колосян	2	23	184.7
58	Colossians	Колоссянам	Послання до колосян	3	25	166.8
58	Colossians	Колоссянам	Послання до колосян	4	18	127.6
59	1 Thessalonians	1 Фессалоникийцам	1 Солунян	1	10	83.6
59	1 Thessalonians	1 Фессалоникийцам	1 Солунян	2	20	167.5
59	1 Thessalonians	1 Фессалоникийцам	1 Солунян	3	13	101.7
59	1 Thessalonians	1 Фессалоникийцам	1 Солунян	4	18	134.9
59	1 Thessalonians	1 Фессалоникийцам	1 Солунян	5	28	145.5
60	2 Thessalonians	2 Фессалоникийцам	2 Солунян	1	12	98.7
60	2 Thessalonians	2 Фессалоникийцам	2 Солунян	2	17	130.6
60	2 Thessalonians	2 Фессалоникийцам	2 Солунян	3	18	117.8
61	1 Timothy	1 Тимофею	1 Тимофія	1	20	163.5
61	1 Timothy	1 Тимофею	1 Тимофія	2	15	98.5
61	1 Timothy	1 Тимофею	1 Тимофія	3	16	122.8
61	1 Timothy	1 Тимофею	1 Тимофія	4	16	115.0
61	1 Timothy	1 Тимофею	1 Тимофія	5	25	178.5
61	1 Timothy	1 Тимофею	1 Тимофія	6	21	175.9
62	2 Timothy	2 Тимофею	2 Тимофія	1	18	136.9
62	2 Timothy	2 Тимофею	2 Тимофія	2	26	180.4
62	2 Timothy	2 Тимофею	2 Тимофія	3	17	122.7
62	2 Timothy	2 Тимофею	2 Тимофія	4	22	152.1
63	Titus	Титу	Послання до Тита	1	16	136.3
63	Titus	Титу	Послання до Тита	2	15	105.7
63	Titus	Титу	Послання до Тита	3	15	114.7
64	Philemon	Филимону	Послання до Филимона	1	25	152.6
65	Hebrews	Евреям	Послання до євреїв	1	14	116.7
65	Hebrews	Евреям	Послання до євреїв	2	18	149.6
65	Hebrews	Евреям	Послання до євреїв	3	19	125.9
65	Hebrews	Евреям	Послання до євреїв	4	16	143.0
65	Hebrews	Евреям	Послання до євреїв	5	14	101.2
65	Hebrews	Евреям	Послання до євреїв	6	20	147.5
65	Hebrews	Евреям	Послання до євреїв	7	28	199.4
65	Hebrews	Евреям	Послання до євреїв	8	13	114.9
65	Hebrews	Евреям	Послання до євреїв	9	28	238.1
65	Hebrews	Евреям	Послання до євреїв	10	39	258.3
65	Hebrews	Евреям	Послання до євреїв	11	40	304.9
65	Hebrews	Евреям	Послання до євреїв	12	29	222.6
65	Hebrews	Евреям	Послання до євреїв	13	25	169.3
66	Revelation	Откровение	Одкровення Йоана	1	20	190.4
66	Revelation	Откровение	Одкровення Йоана	2	29	257.8
66	Revelation	Откровение	Одкровення Йоана	3	22	204.9
66	Revelation	Откровение	Одкровення Йоана	4	11	117.6
66	Revelation	Откровение	Одкровення Йоана	5	14	146.5
66	Revelation	Откровение	Одкровення Йоана	6	17	170.4
66	Revelation	Откровение	Одкровення Йоана	7	17	163.6
66	Revelation	Откровение	Одкровення Йоана	8	13	126.0
66	Revelation	Откровение	Одкровення Йоана	9	21	176.1
66	Revelation	Откровение	Одкровення Йоана	10	11	112.5
66	Revelation	Откровение	Одкровення Йоана	11	19	192.5
66	Revelation	Откровение	Одкровення Йоана	12	17	159.6
66	Revelation	Откровение	Одкровення Йоана	13	18	166.1
66	Revelation	Откровение	Одкровення Йоана	14	20	200.9
66	Revelation	Откровение	Одкровення Йоана	15	8	80.5
66	Revelation	Откровение	Одкровення Йоана	16	21	174.7
66	Revelation	Откровение	Одкровення Йоана	17	18	178.2
66	Revelation	Откровение	Одкровення Йоана	18	24	262.2
66	Revelation	Откровение	Одкровення Йоана	19	21	211.6
66	Revelation	Откровение	Одкровення Йоана	20	15	152.6
66	Revelation	Откровение	Одкровення Йоана	21	27	245.8
66	Revelation	Откровение	Одкровення Йоана	22	21	186.0
