narrator	verse	begin	end
bsb_souer	1	5.190	10.200
bsb_souer	2	10.860	12.650
bsb_souer	3	13.350	18.580
bsb_souer	4	19.350	22.700
bsb_souer	5	23.300	27.830
kozlov_uk	1	19.060	28.990
kozlov_uk	2	30.640	33.560
kozlov_uk	3	34.620	41.480
kozlov_uk	4	42.860	49.790
kozlov_uk	5	51.830	58.030
prozorovsky	1	11.750	24.750
prozorovsky	2	26.590	29.350
prozorovsky	3	30.380	38.410
prozorovsky	4	39.920	46.780
prozorovsky	5	48.500	54.760
prudovsky	1	10.720	21.970
prudovsky	2	22.920	25.930
prudovsky	3	26.980	36.050
prudovsky	4	37.180	43.380
prudovsky	5	44.330	50.650
