translation	verse	text
bsb	1	In the beginning was the Word, and the Word was with God, and the Word was God.
bsb	2	He was with God in the beginning.
bsb	3	Through Him all things were made, and without Him nothing was made that has been made.
bsb	4	In Him was life, and that life was the light of men.
bsb	5	The Light shines in the darkness, and the darkness has not overcome it.
bti	1	В начале всего было Слово, и Слово было с Богом, и Само Оно было Бог.
bti	2	Слово от начала уже было с Богом.
bti	3	Через Него всё обрело свое бытие, и без Него ничто из существующего не появилось.
bti	4	В Слове была жизнь, и жизнь эта — Свет людям.
bti	5	Этот Свет и во тьме светит: не одолела она Его.
syn	1	В начале было Слово, и Слово было у Бога, и Слово было Бог.
syn	2	Оно было в начале у Бога.
syn	3	Все чрез Него на́чало быть, и без Него ничто не на́чало быть, что на́чало быть.
syn	4	В Нем была жизнь, и жизнь была свет человеков.
syn	5	И свет во тьме светит, и тьма не объяла его.
ubh	1	Споконвіку було Слово, і з Богом було Слово, і Слово було — Бог.
ubh	2	З Богом було воно споконвіку.
ubh	3	Ним постало все, і ніщо, що постало, не постало без нього.
ubh	4	У ньому було життя, і життя було — світло людей.
ubh	5	І світло світить у темряві, і не пойняла його темрява.
webus	1	In the beginning was the Word, and the Word was with God, and the Word was God.
webus	2	The same was in the beginning with God.
webus	3	All things were made through him. Without him, nothing was made that has been made.
webus	4	In him was life, and the life was the light of men.
webus	5	The light shines in the darkness, and the darkness hasn’t overcome it.
npu	1	На початку було Слово, і Слово було з Богом, і Слово було Бог.
npu	2	Воно на початку було з Богом.
npu	3	Усе через Нього було створено, і нічого не було створено без Нього.
npu	4	У Ньому було життя, і життя було світлом для людей.
npu	5	Світло світить у темряві, і темрява не здолала його.
webbe	1	In the beginning was the Word, and the Word was with God, and the Word was God.
webbe	2	The same was in the beginning with God.
webbe	3	All things were made through him. Without him, nothing was made that has been made.
webbe	4	In him was life, and the life was the light of men.
webbe	5	The light shines in the darkness, and the darkness hasn’t overcome it.
