narrator	chapter	verse	begin	end
bondarenko	22	1	10.460	15.720
bondarenko	22	2	16.600	21.910
bondarenko	22	3	22.610	29.710
bondarenko	22	4	30.560	43.610
bondarenko	22	5	44.510	54.890
bondarenko	22	6	55.730	68.390
bsb_david	23	1	6.460	9.300
bsb_david	23	2	9.650	14.630
bsb_david	23	3	14.940	20.590
bsb_david	23	4	21.280	30.770
bsb_david	23	5	31.410	39.470
bsb_david	23	6	40.160	47.080
bsb_souer	23	1	5.420	8.130
bsb_souer	23	2	8.480	13.490
bsb_souer	23	3	13.870	19.120
bsb_souer	23	4	19.990	28.100
bsb_souer	23	5	29.070	36.290
bsb_souer	23	6	36.810	43.180
kozlov_uk	23	1	7.820	13.580
kozlov_uk	23	2	14.410	21.900
kozlov_uk	23	3	22.960	31.280
kozlov_uk	23	4	33.000	47.480
kozlov_uk	23	5	48.620	60.750
kozlov_uk	23	6	61.410	74.160
npu_uk	22	1	6.030	16.100
npu_uk	22	2	17.740	25.770
npu_uk	22	3	26.810	34.040
npu_uk	22	4	35.440	51.450
npu_uk	22	5	53.710	66.590
npu_uk	22	6	67.970	79.900
prozorovsky	22	1	3.370	12.280
prozorovsky	22	2	12.980	19.150
prozorovsky	22	3	19.840	28.260
prozorovsky	22	4	29.380	42.670
prozorovsky	22	5	43.580	55.660
prozorovsky	22	6	56.760	70.260
prudovsky	22	1	6.390	10.730
prudovsky	22	2	11.740	17.550
prudovsky	22	3	18.720	25.720
prudovsky	22	4	27.050	40.670
prudovsky	22	5	41.810	52.190
prudovsky	22	6	53.320	64.380
web_british	23	1	6.310	8.900
web_british	23	2	9.140	14.190
web_british	23	3	14.420	19.390
web_british	23	4	20.140	28.070
web_british	23	5	28.290	35.540
web_british	23	6	35.580	41.930
winfred_henson	23	1	6.110	9.540
winfred_henson	23	2	10.040	15.240
winfred_henson	23	3	15.690	21.600
winfred_henson	23	4	22.130	31.490
winfred_henson	23	5	32.100	40.730
winfred_henson	23	6	41.350	49.680
