translation	chapter	verse	text
bsb	23	1	The Lord is my shepherd; I shall not want.
bsb	23	2	He makes me lie down in green pastures; He leads me beside quiet waters.
bsb	23	3	He restores my soul; He guides me in the paths of righteousness for the sake of His name.
bsb	23	4	Even though I walk through the valley of the shadow of death, I will fear no evil, for You are with me; Your rod and Your staff, they comfort me.
bsb	23	5	You prepare a table before me in the presence of my enemies. You anoint my head with oil; my cup overflows.
bsb	23	6	Surely goodness and mercy will follow me all the days of my life, and I will dwell in the house of the Lord forever.
bti	22	1	Псалом Давида Господь — Пастырь мой: ни в чем я нуждаться не буду.
bti	22	2	С Ним я спокоен на пастбище злачном, к водам тихим Он водит меня,
bti	22	3	оживляет душу мою, путями правыми водит меня, верный имени Своему.
bti	22	4	Случись идти мне долиной, темной как смерть, не устрашусь и тогда я зла, ибо Ты со мною: Твой жезл и Твой посох уверенность в меня вселяют.
bti	22	5	Ты стол для меня накрываешь у врагов моих на виду, возливаешь елей на голову мою, до краев чашу мою наполняешь.
bti	22	6	Доброта и милость Твоя да сопутствуют мне во всей жизни моей, и, пока живу, ходить я буду в Дом Господень.
npu	22	1	Псалом Давидів Господь – мій Пастир, я нічого більше не потребую.
npu	22	2	Він дає мені спочинок на трав’янистих пасовищах, водить мене до тихих вод.
npu	22	3	Він оживляє мою душу, веде мене стежками правди заради Свого імені.
npu	22	4	Навіть коли я піду долиною тіней смерті, то не боятимусь зла, адже Ти зі мною; Твій жезл і Твій посох – вони заспокоюють мене.
npu	22	5	Ти готуєш для мене святковий стіл на очах у моїх супротивників, Ти намастив мою голову олією, мій келих наповнений вщерть.
npu	22	6	Тож нехай добро й милість супроводжують мене в усі дні мого життя, а я перебуватиму в домі Господньому повіки.
syn	22	1	Господь — Пастырь мой; я ни в чем не буду нуждаться:
syn	22	2	Он покоит меня на злачных пажитях и водит меня к водам тихим,
syn	22	3	подкрепляет душу мою, направляет меня на стези правды ради имени Своего.
syn	22	4	Если я пойду и долиною смертной тени, не убоюсь зла, потому что Ты со мной; Твой жезл и Твой посох — они успокаивают меня.
syn	22	5	Ты приготовил предо мною трапезу в виду врагов моих; умастил елеем голову мою; чаша моя преисполнена.
syn	22	6	Так, благость и милость [Твоя] да сопровождают меня во все дни жизни моей, и я пребуду в доме Господнем многие дни.
ubh	23	1	Псалом. Давида. Господь — мій пастир: Нічого мені не бракуватиме.
ubh	23	2	На буйних пасовиськах він дає мені лежати; веде мене на тихі води.
ubh	23	3	Він відживляє мою душу, веде мене по стежках правих імени ради свого.
ubh	23	4	Навіть коли б ходив я долиною темряви, — я не боюся лиха, бо ти зо мною. Жезло твоє й палиця твоя — вони дають мені підтримку.
ubh	23	5	Готуєш стіл для мене перед моїми противниками; ти голову мою помазав миром, переливається мій кубок.
ubh	23	6	Добрість і милість будуть мене супроводити усі дні життя мого, і житиму в домі Господнім по віки вічні.
webbe	23	1	The LORD is my shepherd; I shall lack nothing.
webbe	23	2	He makes me lie down in green pastures. He leads me beside still waters.
webbe	23	3	He restores my soul. He guides me in the paths of righteousness for his name’s sake.
webbe	23	4	Even though I walk through the valley of the shadow of death, I will fear no evil, for you are with me. Your rod and your staff, they comfort me.
webbe	23	5	You prepare a table before me in the presence of my enemies. You anoint my head with oil. My cup runs over.
webbe	23	6	Surely goodness and loving kindness shall follow me all the days of my life, and I will dwell in the LORD’s house forever.
webus	23	1	Yahweh is my shepherd; I shall lack nothing.
webus	23	2	He makes me lie down in green pastures. He leads me beside still waters.
webus	23	3	He restores my soul. He guides me in the paths of righteousness for his name’s sake.
webus	23	4	Even though I walk through the valley of the shadow of death, I will fear no evil, for you are with me. Your rod and your staff, they comfort me.
webus	23	5	You prepare a table before me in the presence of my enemies. You anoint my head with oil. My cup runs over.
webus	23	6	Surely goodness and loving kindness shall follow me all the days of my life, and I will dwell in Yahweh’s house forever.
